# cost_draft_tree update-state CUDA capture v2
meta 10 2 8 8 17 21 64 3 64 1024 64
topk_probas 128 0.12720794975757599 0.81673628091812134 0.54399925470352173 0.66007906198501587 0.27205571532249451 0.97367024421691895 0.39033454656600952 0.33944731950759888 0.54512196779251099 0.73119401931762695 0.38643732666969299 0.59588539600372314 0.75783234834671021 0.2125934511423111 0.71979689598083496 0.98449540138244629 0.55182033777236938 0.098052293062210083 0.058186255395412445 0.5838923454284668 0.10828396677970886 0.94610095024108887 0.31703409552574158 0.83284705877304077 0.66760671138763428 0.28864684700965881 0.90220528841018677 0.8115275502204895 0.17843545973300934 0.9533616304397583 0.14864933490753174 0.38818711042404175 0.79767227172851562 0.17522446811199188 0.57773935794830322 0.19493842124938965 0.84986436367034912 0.31245926022529602 0.21558234095573425 0.03827223926782608 0.49341502785682678 0.31381788849830627 0.31213992834091187 0.56643056869506836 0.12663206458091736 0.70971393585205078 0.0040019340813159943 0.51473027467727661 0.2810644805431366 0.44414776563644409 0.091531231999397278 0.33220040798187256 0.39840346574783325 0.98811864852905273 0.093583039939403534 0.30665993690490723 0.052301615476608276 0.21618908643722534 0.030746238306164742 0.46020668745040894 0.1048000305891037 0.1429131031036377 0.74583309888839722 0.5463833212852478 0.69442379474639893 0.80879294872283936 0.29454877972602844 0.864765465259552 0.16878169775009155 0.35344573855400085 0.37055593729019165 0.56747132539749146 0.95949774980545044 0.64519554376602173 0.77089601755142212 0.22979812324047089 0.15103830397129059 0.24250373244285583 0.88192534446716309 0.58669066429138184 0.10699756443500519 0.6551629900932312 0.20620739459991455 0.38140368461608887 0.65935677289962769 0.42495632171630859 0.46227991580963135 0.72102266550064087 0.94967025518417358 0.31758314371109009 0.16933164000511169 0.54734659194946289 0.42241799831390381 0.82145434617996216 0.67498654127120972 0.68344014883041382 0.014369931071996689 0.073430381715297699 0.54734760522842407 0.56754893064498901 0.3278900682926178 0.35534295439720154 0.098859138786792755 0.78772455453872681 0.18293014168739319 0.40380898118019104 0.64560723304748535 0.54096966981887817 0.48250970244407654 0.807342529296875 0.59650701284408569 0.19983172416687012 0.02133425697684288 0.45784658193588257 0.33200910687446594 0.45742294192314148 0.92168205976486206 0.11741212755441666 0.90452700853347778 0.68349772691726685 0.90728771686553955 0.23620542883872986 0.74759018421173096 0.61695641279220581 0.60622817277908325 0.39727139472961426 0.024391880258917809 0.76872527599334717
topk_tokens 128 7733 7775 7081 5357 1797 5876 3830 7866 1433 3018 7239 5558 2487 1926 6534 4743 2429 2025 332 5676 5818 148 6416 2670 3344 295 6261 5228 3453 8144 4624 3741 2947 3754 2012 7837 667 6106 7072 7376 2612 7770 4219 5160 7401 350 5776 121 2649 7575 2508 3344 1001 2255 7778 3843 6136 5309 3417 683 1474 2660 4073 2485 4476 5572 2327 7363 5869 2382 4115 4936 5235 5974 6611 1410 422 339 2470 5521 2002 3634 6261 5323 6907 5019 2186 4058 800 1002 2378 629 4324 4975 6050 6713 3247 7167 2717 6938 429 6630 2563 3583 2779 3432 881 2501 5580 5749 7502 638 5929 461 7747 122 806 5860 1252 7704 6737 4748 1694 3029 1300 974 6210 2619
sorted_scores 128 0.69296723604202271 0.50765478610992432 0.49854618310928345 0.46792933344841003 0.42758649587631226 0.42303568124771118 0.37239581346511841 0.35160723328590393 0.33891260623931885 0.33274036645889282 0.29929772019386292 0.26107922196388245 0.24673868715763092 0.24621857702732086 0.2426120787858963 0.2035084068775177 0.2008652538061142 0.18329440057277679 0.17936064302921295 0.16926465928554535 0.16447369754314423 0.1431664377450943 0.14175732433795929 0.13554978370666504 0.1327831894159317 0.13029439747333527 0.1264646053314209 0.12571446597576141 0.12375494837760925 0.11435449123382568 0.10718632489442825 0.10645521432161331 0.10278992354869843 0.10245079547166824 0.09737163782119751 0.097260728478431702 0.093723021447658539 0.085546590387821198 0.08458101749420166 0.080620512366294861 0.077738426625728607 0.074519239366054535 0.072317130863666534 0.067788869142532349 0.066440314054489136 0.065808393061161041 0.060300126671791077 0.055664088577032089 0.05482303723692894 0.051018070429563522 0.048594392836093903 0.048417650163173676 0.047395132482051849 0.047141712158918381 0.043842699378728867 0.036551270633935928 0.031696751713752747 0.028566895052790642 0.026017162948846817 0.022451205179095268 0.019124925136566162 0.016986941918730736 0.016614504158496857 0.00060440209927037358 0.76201826333999634 0.73157918453216553 0.71796250343322754 0.64564162492752075 0.62789052724838257 0.5425218939781189 0.51817303895950317 0.51638329029083252 0.5091625452041626 0.48296001553535461 0.46584069728851318 0.41466599702835083 0.40368786454200745 0.3725186288356781 0.36916220188140869 0.36681419610977173 0.3634127676486969 0.36307650804519653 0.34418755769729614 0.33885800838470459 0.33366268873214722 0.31765210628509521 0.31214222311973572 0.29197093844413757 0.27841052412986755 0.26353007555007935 0.25882235169410706 0.25521346926689148 0.24948383867740631 0.23792554438114166 0.23299981653690338 0.22127258777618408 0.21359896659851074 0.21354119479656219 0.2110554575920105 0.19838564097881317 0.19423030316829681 0.17975100874900818 0.17588591575622559 0.17335295677185059 0.115451879799366 0.11530391126871109 0.1125422865152359 0.10555161535739899 0.10384755581617355 0.1007857620716095 0.093195118010044098 0.080283485352993011 0.076077155768871307 0.059906046837568283 0.050002865493297577 0.031310129910707474 0.023256471380591393 0.020486399531364441 0.016933929175138474 0.0045511662028729916 0.0038473166059702635 0.0033278865739703178 0.0027687617111951113 0.0027345144189894199 0.0022174178157001734 0.0017113053472712636 0.001286596991121769 0.00068599858786910772
sorted_indexs 128 62 63 36 32 59 21 23 29 34 26 27 19 16 24 5 1 57 37 53 15 3 31 22 2 61 12 38 9 14 35 45 25 33 11 60 6 8 43 7 49 47 40 52 4 10 28 51 55 30 48 56 20 41 42 17 13 0 58 18 39 44 54 50 46 56 52 54 63 58 55 59 3 60 1 45 0 23 42 20 17 49 51 46 7 61 8 43 14 44 50 22 10 39 21 41 6 9 19 5 57 15 35 2 34 18 47 37 40 36 4 53 13 11 16 12 38 33 62 48 32 24 29 31 30 27 28 25 26
parent_indexs 16 7 7 4 4 7 2 2 3 7 6 6 7 7 6 7 0
topk_indexs 16 0 1 2 3 4 5 6 7 8 9 10 11 12 13 14 15
input_tree_mask 256 1 1 0 1 0 1 1 1 1 0 1 1 1 1 0 0 1 0 0 1 0 0 0 1 0 0 0 1 1 0 0 0 1 1 0 0 0 1 0 0 0 0 1 1 0 0 0 0 1 0 0 0 1 0 0 0 1 0 1 0 0 0 0 1 1 1 1 0 1 1 0 0 0 0 0 1 1 0 0 1 0 1 1 1 1 0 0 1 0 0 0 1 0 0 1 0 0 0 1 0 1 1 1 1 1 0 0 1 0 0 1 1 1 0 1 0 0 0 1 0 0 1 1 1 1 1 1 1 0 0 0 1 1 1 1 0 0 0 0 1 0 1 0 1 0 1 0 0 1 0 1 1 0 0 1 1 0 1 0 0 0 1 0 1 0 0 1 0 1 0 0 1 0 0 0 1 0 1 1 1 1 0 0 0 1 0 0 1 0 1 1 0 0 1 0 1 0 1 0 0 0 0 1 1 1 0 1 0 1 1 0 1 0 1 1 1 0 0 0 0 0 1 1 0 1 1 0 0 1 0 0 0 1 1 0 0 0 0 0 0 1 1 0 0 1 1 1 1 0 0 1 0 1 1 1 1
initial_cumu_tokens 2048 -777 -777 -777 -777 -777 -777 -777 -777 -777 -777 -777 -777 -777 -777 -777 -777 -777 -777 -777 -777 -777 -777 -777 -777 -777 -777 -777 -777 -777 -777 -777 -777 -777 -777 -777 -777 -777 -777 -777 -777 -777 -777 -777 -777 -777 -777 -777 -777 -777 -777 -777 -777 -777 -777 -777 -777 -777 -777 -777 -777 -777 -777 -777 -777 -777 -777 -777 -777 -777 -777 -777 -777 -777 -777 -777 -777 -777 -777 -777 -777 -777 -777 -777 -777 -777 -777 -777 -777 -777 -777 -777 -777 -777 -777 -777 -777 -777 -777 -777 -777 -777 -777 -777 -777 -777 -777 -777 -777 -777 -777 -777 -777 -777 -777 -777 -777 -777 -777 -777 -777 -777 -777 -777 -777 -777 -777 -777 -777 -777 -777 -777 -777 -777 -777 -777 -777 -777 -777 -777 -777 -777 -777 -777 -777 -777 -777 -777 -777 -777 -777 -777 -777 -777 -777 -777 -777 -777 -777 -777 -777 -777 -777 -777 -777 -777 -777 -777 -777 -777 -777 -777 -777 -777 -777 -777 -777 -777 -777 -777 -777 -777 -777 -777 -777 -777 -777 -777 -777 -777 -777 -777 -777 -777 -777 -777 -777 -777 -777 -777 -777 -777 -777 -777 -777 -777 -777 -777 -777 -777 -777 -777 -777 -777 -777 -777 -777 -777 -777 -777 -777 -777 -777 -777 -777 -777 -777 -777 -777 -777 -777 -777 -777 -777 -777 -777 -777 -777 -777 -777 -777 -777 -777 -777 -777 -777 -777 -777 -777 -777 -777 -777 -777 -777 -777 -777 -777 -777 -777 -777 -777 -777 -777 -777 -777 -777 -777 -777 -777 -777 -777 -777 -777 -777 -777 -777 -777 -777 -777 -777 -777 -777 -777 -777 -777 -777 -777 -777 -777 -777 -777 -777 -777 -777 -777 -777 -777 -777 -777 -777 -777 -777 -777 -777 -777 -777 -777 -777 -777 -777 -777 -777 -777 -777 -777 -777 -777 -777 -777 -777 -777 -777 -777 -777 -777 -777 -777 -777 -777 -777 -777 -777 -777 -777 -777 -777 -777 -777 -777 -777 -777 -777 -777 -777 -777 -777 -777 -777 -777 -777 -777 -777 -777 -777 -777 -777 -777 -777 -777 -777 -777 -777 -777 -777 -777 -777 -777 -777 -777 -777 -777 -777 -777 -777 -777 -777 -777 -777 -777 -777 -777 -777 -777 -777 -777 -777 -777 -777 -777 -777 -777 -777 -777 -777 -777 -777 -777 -777 -777 -777 -777 -777 -777 -777 -777 -777 -777 -777 -777 -777 -777 -777 -777 -777 -777 -777 -777 -777 -777 -777 -777 -777 -777 -777 -777 -777 -777 -777 -777 -777 -777 -777 -777 -777 -777 -777 -777 -777 -777 -777 -777 -777 -777 -777 -777 -777 -777 -777 -777 -777 -777 -777 -777 -777 -777 -777 -777 -777 -777 -777 -777 -777 -777 -777 -777 -777 -777 -777 -777 -777 -777 -777 -777 -777 -777 -777 -777 -777 -777 -777 -777 -777 -777 -777 -777 -777 -777 -777 -777 -777 -777 -777 -777 -777 -777 -777 -777 -777 -777 -777 -777 -777 -777 -777 -777 -777 -777 -777 -777 -777 -777 -777 -777 -777 -777 -777 -777 -777 -777 -777 -777 -777 -777 -777 -777 -777 -777 -777 -777 -777 -777 -777 -777 -777 -777 -777 -777 -777 -777 -777 -777 -777 -777 -777 -777 -777 -777 -777 -777 -777 -777 -777 -777 -777 -777 -777 -777 -777 -777 -777 -777 -777 -777 -777 -777 -777 -777 -777 -777 -777 -777 -777 -777 -777 -777 -777 -777 -777 -777 -777 -777 -777 -777 -777 -777 -777 -777 -777 -777 -777 -777 -777 -777 -777 -777 -777 -777 -777 -777 -777 -777 -777 -777 -777 -777 -777 -777 -777 -777 -777 -777 -777 -777 -777 -777 -777 -777 -777 -777 -777 -777 -777 -777 -777 -777 -777 -777 -777 -777 -777 -777 -777 -777 -777 -777 -777 -777 -777 -777 -777 -777 -777 -777 -777 -777 -777 -777 -777 -777 -777 -777 -777 -777 -777 -777 -777 -777 -777 -777 -777 -777 -777 -777 -777 -777 -777 -777 -777 -777 -777 -777 -777 -777 -777 -777 -777 -777 -777 -777 -777 -777 -777 -777 -777 -777 -777 -777 -777 -777 -777 -777 -777 -777 -777 -777 -777 -777 -777 -777 -777 -777 -777 -777 -777 -777 -777 -777 -777 -777 -777 -777 -777 -777 -777 -777 -777 -777 -777 -777 -777 -777 -777 -777 -777 -777 -777 -777 -777 -777 -777 -777 -777 -777 -777 -777 -777 -777 -777 -777 -777 -777 -777 -777 -777 -777 -777 -777 -777 -777 -777 -777 -777 -777 -777 -777 -777 -777 -777 -777 -777 -777 -777 -777 -777 -777 -777 -777 -777 -777 -777 -777 -777 -777 -777 -777 -777 -777 -777 -777 -777 -777 -777 -777 -777 -777 -777 -777 -777 -777 -777 -777 -777 -777 -777 -777 -777 -777 -777 -777 -777 -777 -777 -777 -777 -777 -777 -777 -777 -777 -777 -777 -777 -777 -777 -777 -777 -777 -777 -777 -777 -777 -777 -777 -777 -777 -777 -777 -777 -777 -777 -777 -777 -777 -777 -777 -777 -777 -777 -777 -777 -777 -777 -777 -777 -777 -777 -777 -777 -777 -777 -777 -777 -777 -777 -777 -777 -777 -777 -777 -777 -777 -777 -777 -777 -777 -777 -777 -777 -777 -777 -777 -777 -777 -777 -777 -777 -777 -777 -777 -777 -777 -777 -777 -777 -777 -777 -777 -777 -777 -777 -777 -777 -777 -777 -777 -777 -777 -777 -777 -777 -777 -777 -777 -777 -777 -777 -777 -777 -777 -777 -777 -777 -777 -777 -777 -777 -777 -777 -777 -777 -777 -777 -777 -777 -777 -777 -777 -777 -777 -777 -777 -777 -777 -777 -777 -777 -777 -777 -777 -777 -777 -777 -777 -777 -777 -777 -777 -777 -777 -777 -777 -777 -777 -777 -777 -777 -777 -777 -777 -777 -777 -777 -777 -777 -777 -777 -777 -777 -777 -777 -777 -777 -777 -777 -777 -777 -777 -777 -777 -777 -777 -777 -777 -777 -777 -777 -777 -777 -777 -777 -777 -777 -777 -777 -777 -777 -777 -777 -777 -777 -777 -777 -777 -777 -777 -777 -777 -777 -777 -777 -777 -777 -777 -777 -777 -777 -777 -777 -777 -777 -777 -777 -777 -777 -777 -777 -777 -777 -777 -777 -777 -777 -777 -777 -777 -777 -777 -777 -777 -777 -777 -777 -777 -777 -777 -777 -777 -777 -777 -777 -777 -777 -777 -777 -777 -777 -777 -777 -777 -777 -777 -777 -777 -777 -777 -777 -777 -777 -777 -777 -777 -777 -777 -777 -777 -777 -777 -777 -777 -777 -777 -777 -777 -777 -777 -777 -777 -777 -777 -777 -777 -777 -777 -777 -777 -777 -777 -777 -777 -777 -777 -777 -777 -777 -777 -777 -777 -777 -777 -777 -777 -777 -777 -777 -777 -777 -777 -777 -777 -777 -777 -777 -777 -777 -777 -777 -777 -777 -777 -777 -777 -777 -777 -777 -777 -777 -777 -777 -777 -777 -777 -777 -777 -777 -777 -777 -777 -777 -777 -777 -777 -777 -777 -777 -777 -777 -777 -777 -777 -777 -777 -777 -777 -777 -777 -777 -777 -777 -777 -777 -777 -777 -777 -777 -777 -777 -777 -777 -777 -777 -777 -777 -777 -777 -777 -777 -777 -777 -777 -777 -777 -777 -777 -777 -777 -777 -777 -777 -777 -777 -777 -777 -777 -777 -777 -777 -777 -777 -777 -777 -777 -777 -777 -777 -777 -777 -777 -777 -777 -777 -777 -777 -777 -777 -777 -777 -777 -777 -777 -777 -777 -777 -777 -777 -777 -777 -777 -777 -777 -777 -777 -777 -777 -777 -777 -777 -777 -777 -777 -777 -777 -777 -777 -777 -777 -777 -777 -777 -777 -777 -777 -777 -777 -777 -777 -777 -777 -777 -777 -777 -777 -777 -777 -777 -777 -777 -777 -777 -777 -777 -777 -777 -777 -777 -777 -777 -777 -777 -777 -777 -777 -777 -777 -777 -777 -777 -777 -777 -777 -777 -777 -777 -777 -777 -777 -777 -777 -777 -777 -777 -777 -777 -777 -777 -777 -777 -777 -777 -777 -777 -777 -777 -777 -777 -777 -777 -777 -777 -777 -777 -777 -777 -777 -777 -777 -777 -777 -777 -777 -777 -777 -777 -777 -777 -777 -777 -777 -777 -777 -777 -777 -777 -777 -777 -777 -777 -777 -777 -777 -777 -777 -777 -777 -777 -777 -777 -777 -777 -777 -777 -777 -777 -777 -777 -777 -777 -777 -777 -777 -777 -777 -777 -777 -777 -777 -777 -777 -777 -777 -777 -777 -777 -777 -777 -777 -777 -777 -777 -777 -777 -777 -777 -777 -777 -777 -777 -777 -777 -777 -777 -777 -777 -777 -777 -777 -777 -777 -777 -777 -777 -777 -777 -777 -777 -777 -777 -777 -777 -777 -777 -777 -777 -777 -777 -777 -777 -777 -777 -777 -777 -777 -777 -777 -777 -777 -777 -777 -777 -777 -777 -777 -777 -777 -777 -777 -777 -777 -777 -777 -777 -777 -777 -777 -777 -777 -777 -777 -777 -777 -777 -777 -777 -777 -777 -777 -777 -777 -777 -777 -777 -777 -777 -777 -777 -777 -777 -777 -777 -777 -777 -777 -777 -777 -777 -777 -777 -777 -777 -777 -777 -777 -777 -777 -777 -777 -777 -777 -777 -777 -777 -777 -777 -777 -777 -777 -777 -777 -777 -777 -777 -777 -777 -777 -777 -777 -777 -777 -777 -777 -777 -777 -777 -777 -777 -777 -777 -777 -777 -777 -777 -777 -777 -777 -777 -777 -777 -777 -777 -777 -777 -777 -777 -777 -777 -777 -777 -777 -777 -777 -777 -777 -777 -777 -777 -777 -777 -777 -777 -777 -777 -777 -777 -777 -777 -777 -777 -777 -777 -777 -777 -777 -777 -777 -777 -777 -777 -777 -777 -777 -777 -777 -777 -777 -777 -777 -777 -777 -777 -777 -777 -777 -777 -777 -777 -777 -777 -777 -777 -777 -777 -777 -777 -777 -777 -777 -777 -777 -777 -777 -777 -777 -777 -777 -777 -777 -777 -777 -777 -777 -777 -777 -777 -777 -777 -777 -777 -777 -777 -777 -777 -777 -777 -777 -777 -777 -777 -777 -777 -777 -777 -777 -777 -777 -777 -777 -777 -777 -777 -777 -777 -777 -777 -777 -777 -777 -777 -777 -777 -777 -777 -777 -777 -777 -777 -777 -777 -777 -777 -777 -777 -777 -777 -777 -777 -777 -777 -777 -777 -777 -777 -777 -777 -777 -777 -777 -777 -777 -777 -777 -777 -777 -777 -777 -777 -777 -777 -777 -777 -777 -777 -777 -777 -777 -777 -777 -777 -777 -777 -777 -777 -777 -777 -777 -777 -777 -777 -777 -777 -777 -777 -777 -777 -777 -777 -777 -777 -777 -777 -777 -777 -777 -777 -777 -777 -777 -777 -777 -777 -777 -777 -777 -777 -777 -777 -777 -777 -777 -777 -777 -777 -777 -777 -777 -777 -777 -777 -777 -777 -777 -777 -777 -777 -777 -777 -777 -777 -777 -777 -777 -777 -777 -777 -777 -777 -777 -777 -777 -777 -777 -777 -777 -777 -777 -777 -777 -777 -777 -777 -777 -777 -777 -777 -777 -777 -777 -777 -777 -777 -777 -777 -777 -777 -777 -777 -777 -777 -777 -777 -777 -777 -777 -777 -777 -777 -777 -777 -777 -777 -777 -777 -777 -777 -777 -777 -777 -777 -777 -777 -777 -777 -777 -777 -777 -777 -777 -777 -777 -777 -777 -777 -777 -777 -777 -777 -777 -777 -777 -777 -777 -777 -777 -777 -777 -777 -777 -777 -777 -777 -777 -777 -777 -777 -777 -777 -777 -777 -777 -777 -777 -777 -777 -777 -777 -777 -777 -777 -777 -777 -777 -777 -777 -777 -777 -777 -777 -777 -777 -777 -777 -777 -777 -777 -777 -777 -777 -777 -777 -777 -777 -777 -777 -777 -777 -777 -777 -777 -777 -777 -777 -777 -777 -777 -777 -777 -777 -777 -777 -777 -777 -777 -777 -777 -777 -777 -777 -777 -777 -777 -777 -777 -777 -777 -777 -777 -777 -777 -777 -777 -777 -777 -777 -777 -777 -777 -777 -777 -777 -777 -777 -777 -777 -777 -777 -777 -777 -777 -777 -777 -777 -777 -777 -777 -777 -777 -777 -777 -777 -777 -777 -777 -777 -777 -777 -777 -777 -777 -777 -777 -777 -777 -777 -777 -777 -777 -777 -777 -777 -777 -777 -777 -777 -777 -777 -777 -777 -777 -777 -777 -777 -777 -777 -777 -777 -777 -777 -777 -777 -777 -777 -777 -777 -777 -777 -777 -777 -777 -777 -777 -777 -777 -777 -777 -777 -777 -777 -777 -777 -777 -777 -777 -777 -777 -777 -777 -777 -777 -777 -777 -777
initial_cumu_scores 2048 -3 -3 -3 -3 -3 -3 -3 -3 -3 -3 -3 -3 -3 -3 -3 -3 -3 -3 -3 -3 -3 -3 -3 -3 -3 -3 -3 -3 -3 -3 -3 -3 -3 -3 -3 -3 -3 -3 -3 -3 -3 -3 -3 -3 -3 -3 -3 -3 -3 -3 -3 -3 -3 -3 -3 -3 -3 -3 -3 -3 -3 -3 -3 -3 -3 -3 -3 -3 -3 -3 -3 -3 -3 -3 -3 -3 -3 -3 -3 -3 -3 -3 -3 -3 -3 -3 -3 -3 -3 -3 -3 -3 -3 -3 -3 -3 -3 -3 -3 -3 -3 -3 -3 -3 -3 -3 -3 -3 -3 -3 -3 -3 -3 -3 -3 -3 -3 -3 -3 -3 -3 -3 -3 -3 -3 -3 -3 -3 -3 -3 -3 -3 -3 -3 -3 -3 -3 -3 -3 -3 -3 -3 -3 -3 -3 -3 -3 -3 -3 -3 -3 -3 -3 -3 -3 -3 -3 -3 -3 -3 -3 -3 -3 -3 -3 -3 -3 -3 -3 -3 -3 -3 -3 -3 -3 -3 -3 -3 -3 -3 -3 -3 -3 -3 -3 -3 -3 -3 -3 -3 -3 -3 -3 -3 -3 -3 -3 -3 -3 -3 -3 -3 -3 -3 -3 -3 -3 -3 -3 -3 -3 -3 -3 -3 -3 -3 -3 -3 -3 -3 -3 -3 -3 -3 -3 -3 -3 -3 -3 -3 -3 -3 -3 -3 -3 -3 -3 -3 -3 -3 -3 -3 -3 -3 -3 -3 -3 -3 -3 -3 -3 -3 -3 -3 -3 -3 -3 -3 -3 -3 -3 -3 -3 -3 -3 -3 -3 -3 -3 -3 -3 -3 -3 -3 -3 -3 -3 -3 -3 -3 -3 -3 -3 -3 -3 -3 -3 -3 -3 -3 -3 -3 -3 -3 -3 -3 -3 -3 -3 -3 -3 -3 -3 -3 -3 -3 -3 -3 -3 -3 -3 -3 -3 -3 -3 -3 -3 -3 -3 -3 -3 -3 -3 -3 -3 -3 -3 -3 -3 -3 -3 -3 -3 -3 -3 -3 -3 -3 -3 -3 -3 -3 -3 -3 -3 -3 -3 -3 -3 -3 -3 -3 -3 -3 -3 -3 -3 -3 -3 -3 -3 -3 -3 -3 -3 -3 -3 -3 -3 -3 -3 -3 -3 -3 -3 -3 -3 -3 -3 -3 -3 -3 -3 -3 -3 -3 -3 -3 -3 -3 -3 -3 -3 -3 -3 -3 -3 -3 -3 -3 -3 -3 -3 -3 -3 -3 -3 -3 -3 -3 -3 -3 -3 -3 -3 -3 -3 -3 -3 -3 -3 -3 -3 -3 -3 -3 -3 -3 -3 -3 -3 -3 -3 -3 -3 -3 -3 -3 -3 -3 -3 -3 -3 -3 -3 -3 -3 -3 -3 -3 -3 -3 -3 -3 -3 -3 -3 -3 -3 -3 -3 -3 -3 -3 -3 -3 -3 -3 -3 -3 -3 -3 -3 -3 -3 -3 -3 -3 -3 -3 -3 -3 -3 -3 -3 -3 -3 -3 -3 -3 -3 -3 -3 -3 -3 -3 -3 -3 -3 -3 -3 -3 -3 -3 -3 -3 -3 -3 -3 -3 -3 -3 -3 -3 -3 -3 -3 -3 -3 -3 -3 -3 -3 -3 -3 -3 -3 -3 -3 -3 -3 -3 -3 -3 -3 -3 -3 -3 -3 -3 -3 -3 -3 -3 -3 -3 -3 -3 -3 -3 -3 -3 -3 -3 -3 -3 -3 -3 -3 -3 -3 -3 -3 -3 -3 -3 -3 -3 -3 -3 -3 -3 -3 -3 -3 -3 -3 -3 -3 -3 -3 -3 -3 -3 -3 -3 -3 -3 -3 -3 -3 -3 -3 -3 -3 -3 -3 -3 -3 -3 -3 -3 -3 -3 -3 -3 -3 -3 -3 -3 -3 -3 -3 -3 -3 -3 -3 -3 -3 -3 -3 -3 -3 -3 -3 -3 -3 -3 -3 -3 -3 -3 -3 -3 -3 -3 -3 -3 -3 -3 -3 -3 -3 -3 -3 -3 -3 -3 -3 -3 -3 -3 -3 -3 -3 -3 -3 -3 -3 -3 -3 -3 -3 -3 -3 -3 -3 -3 -3 -3 -3 -3 -3 -3 -3 -3 -3 -3 -3 -3 -3 -3 -3 -3 -3 -3 -3 -3 -3 -3 -3 -3 -3 -3 -3 -3 -3 -3 -3 -3 -3 -3 -3 -3 -3 -3 -3 -3 -3 -3 -3 -3 -3 -3 -3 -3 -3 -3 -3 -3 -3 -3 -3 -3 -3 -3 -3 -3 -3 -3 -3 -3 -3 -3 -3 -3 -3 -3 -3 -3 -3 -3 -3 -3 -3 -3 -3 -3 -3 -3 -3 -3 -3 -3 -3 -3 -3 -3 -3 -3 -3 -3 -3 -3 -3 -3 -3 -3 -3 -3 -3 -3 -3 -3 -3 -3 -3 -3 -3 -3 -3 -3 -3 -3 -3 -3 -3 -3 -3 -3 -3 -3 -3 -3 -3 -3 -3 -3 -3 -3 -3 -3 -3 -3 -3 -3 -3 -3 -3 -3 -3 -3 -3 -3 -3 -3 -3 -3 -3 -3 -3 -3 -3 -3 -3 -3 -3 -3 -3 -3 -3 -3 -3 -3 -3 -3 -3 -3 -3 -3 -3 -3 -3 -3 -3 -3 -3 -3 -3 -3 -3 -3 -3 -3 -3 -3 -3 -3 -3 -3 -3 -3 -3 -3 -3 -3 -3 -3 -3 -3 -3 -3 -3 -3 -3 -3 -3 -3 -3 -3 -3 -3 -3 -3 -3 -3 -3 -3 -3 -3 -3 -3 -3 -3 -3 -3 -3 -3 -3 -3 -3 -3 -3 -3 -3 -3 -3 -3 -3 -3 -3 -3 -3 -3 -3 -3 -3 -3 -3 -3 -3 -3 -3 -3 -3 -3 -3 -3 -3 -3 -3 -3 -3 -3 -3 -3 -3 -3 -3 -3 -3 -3 -3 -3 -3 -3 -3 -3 -3 -3 -3 -3 -3 -3 -3 -3 -3 -3 -3 -3 -3 -3 -3 -3 -3 -3 -3 -3 -3 -3 -3 -3 -3 -3 -3 -3 -3 -3 -3 -3 -3 -3 -3 -3 -3 -3 -3 -3 -3 -3 -3 -3 -3 -3 -3 -3 -3 -3 -3 -3 -3 -3 -3 -3 -3 -3 -3 -3 -3 -3 -3 -3 -3 -3 -3 -3 -3 -3 -3 -3 -3 -3 -3 -3 -3 -3 -3 -3 -3 -3 -3 -3 -3 -3 -3 -3 -3 -3 -3 -3 -3 -3 -3 -3 -3 -3 -3 -3 -3 -3 -3 -3 -3 -3 -3 -3 -3 -3 -3 -3 -3 -3 -3 -3 -3 -3 -3 -3 -3 -3 -3 -3 -3 -3 -3 -3 -3 -3 -3 -3 -3 -3 -3 -3 -3 -3 -3 -3 -3 -3 -3 -3 -3 -3 -3 -3 -3 -3 -3 -3 -3 -3 -3 -3 -3 -3 -3 -3 -3 -3 -3 -3 -3 -3 -3 -3 -3 -3 -3 -3 -3 -3 -3 -3 -3 -3 -3 -3 -3 -3 -3 -3 -3 -3 -3 -3 -3 -3 -3 -3 -3 -3 -3 -3 -3 -3 -3 -3 -3 -3 -3 -3 -3 -3 -3 -3 -3 -3 -3 -3 -3 -3 -3 -3 -3 -3 -3 -3 -3 -3 -3 -3 -3 -3 -3 -3 -3 -3 -3 -3 -3 -3 -3 -3 -3 -3 -3 -3 -3 -3 -3 -3 -3 -3 -3 -3 -3 -3 -3 -3 -3 -3 -3 -3 -3 -3 -3 -3 -3 -3 -3 -3 -3 -3 -3 -3 -3 -3 -3 -3 -3 -3 -3 -3 -3 -3 -3 -3 -3 -3 -3 -3 -3 -3 -3 -3 -3 -3 -3 -3 -3 -3 -3 -3 -3 -3 -3 -3 -3 -3 -3 -3 -3 -3 -3 -3 -3 -3 -3 -3 -3 -3 -3 -3 -3 -3 -3 -3 -3 -3 -3 -3 -3 -3 -3 -3 -3 -3 -3 -3 -3 -3 -3 -3 -3 -3 -3 -3 -3 -3 -3 -3 -3 -3 -3 -3 -3 -3 -3 -3 -3 -3 -3 -3 -3 -3 -3 -3 -3 -3 -3 -3 -3 -3 -3 -3 -3 -3 -3 -3 -3 -3 -3 -3 -3 -3 -3 -3 -3 -3 -3 -3 -3 -3 -3 -3 -3 -3 -3 -3 -3 -3 -3 -3 -3 -3 -3 -3 -3 -3 -3 -3 -3 -3 -3 -3 -3 -3 -3 -3 -3 -3 -3 -3 -3 -3 -3 -3 -3 -3 -3 -3 -3 -3 -3 -3 -3 -3 -3 -3 -3 -3 -3 -3 -3 -3 -3 -3 -3 -3 -3 -3 -3 -3 -3 -3 -3 -3 -3 -3 -3 -3 -3 -3 -3 -3 -3 -3 -3 -3 -3 -3 -3 -3 -3 -3 -3 -3 -3 -3 -3 -3 -3 -3 -3 -3 -3 -3 -3 -3 -3 -3 -3 -3 -3 -3 -3 -3 -3 -3 -3 -3 -3 -3 -3 -3 -3 -3 -3 -3 -3 -3 -3 -3 -3 -3 -3 -3 -3 -3 -3 -3 -3 -3 -3 -3 -3 -3 -3 -3 -3 -3 -3 -3 -3 -3 -3 -3 -3 -3 -3 -3 -3 -3 -3 -3 -3 -3 -3 -3 -3 -3 -3 -3 -3 -3 -3 -3 -3 -3 -3 -3 -3 -3 -3 -3 -3 -3 -3 -3 -3 -3 -3 -3 -3 -3 -3 -3 -3 -3 -3 -3 -3 -3 -3 -3 -3 -3 -3 -3 -3 -3 -3 -3 -3 -3 -3 -3 -3 -3 -3 -3 -3 -3 -3 -3 -3 -3 -3 -3 -3 -3 -3 -3 -3 -3 -3 -3 -3 -3 -3 -3 -3 -3 -3 -3 -3 -3 -3 -3 -3 -3 -3 -3 -3 -3 -3 -3 -3 -3 -3 -3 -3 -3 -3 -3 -3 -3 -3 -3 -3 -3 -3 -3 -3 -3 -3 -3 -3 -3 -3 -3 -3 -3 -3 -3 -3 -3 -3 -3 -3 -3 -3 -3 -3 -3 -3 -3 -3 -3 -3 -3 -3 -3 -3 -3 -3 -3 -3 -3 -3 -3 -3 -3 -3 -3 -3 -3 -3 -3 -3 -3 -3 -3 -3 -3 -3 -3 -3 -3 -3 -3 -3 -3 -3 -3 -3 -3 -3 -3 -3 -3 -3 -3 -3 -3 -3 -3 -3 -3 -3 -3 -3 -3 -3 -3 -3 -3 -3 -3 -3 -3 -3 -3 -3 -3 -3 -3 -3 -3 -3 -3 -3 -3 -3 -3 -3 -3 -3 -3 -3 -3 -3 -3 -3 -3 -3 -3 -3 -3 -3 -3 -3 -3 -3 -3 -3 -3 -3 -3 -3 -3 -3 -3 -3 -3 -3 -3 -3 -3 -3 -3 -3 -3 -3 -3 -3 -3 -3 -3 -3 -3 -3 -3 -3 -3 -3 -3 -3 -3 -3 -3 -3 -3 -3 -3 -3 -3 -3 -3 -3 -3 -3 -3 -3 -3 -3 -3 -3 -3 -3 -3 -3 -3 -3 -3 -3 -3 -3 -3 -3 -3 -3 -3 -3 -3 -3 -3 -3 -3 -3 -3 -3 -3 -3 -3 -3 -3 -3 -3 -3 -3 -3 -3 -3 -3 -3 -3 -3 -3 -3 -3 -3 -3 -3 -3 -3 -3 -3 -3 -3 -3 -3 -3 -3 -3 -3 -3 -3 -3 -3 -3 -3 -3 -3 -3 -3 -3 -3 -3 -3 -3 -3 -3 -3 -3 -3 -3 -3 -3 -3 -3 -3 -3 -3 -3 -3 -3 -3 -3 -3 -3 -3 -3 -3 -3 -3 -3 -3 -3 -3 -3 -3 -3 -3 -3 -3 -3 -3 -3 -3 -3 -3 -3 -3 -3 -3 -3 -3 -3 -3 -3 -3 -3 -3 -3 -3 -3 -3 -3 -3 -3 -3 -3 -3 -3 -3 -3 -3 -3 -3 -3 -3 -3 -3 -3 -3 -3 -3 -3 -3 -3 -3 -3 -3 -3 -3 -3 -3 -3 -3 -3 -3 -3 -3 -3 -3 -3 -3 -3 -3 -3 -3 -3 -3 -3 -3 -3 -3 -3 -3 -3 -3 -3 -3 -3 -3 -3 -3 -3 -3 -3 -3 -3 -3 -3 -3 -3 -3 -3 -3 -3 -3 -3 -3 -3 -3 -3 -3 -3 -3 -3 -3 -3 -3 -3 -3 -3 -3 -3 -3 -3 -3 -3 -3 -3 -3 -3 -3 -3 -3 -3 -3 -3 -3 -3 -3 -3 -3 -3 -3 -3 -3 -3 -3 -3 -3 -3 -3 -3 -3 -3 -3 -3 -3 -3 -3 -3 -3 -3 -3 -3 -3 -3 -3 -3 -3 -3 -3 -3 -3 -3 -3 -3 -3 -3 -3 -3
initial_cumu_deltas 2048 -1 -1 -1 -1 -1 -1 -1 -1 -1 -1 -1 -1 -1 -1 -1 -1 -1 -1 -1 -1 -1 -1 -1 -1 -1 -1 -1 -1 -1 -1 -1 -1 -1 -1 -1 -1 -1 -1 -1 -1 -1 -1 -1 -1 -1 -1 -1 -1 -1 -1 -1 -1 -1 -1 -1 -1 -1 -1 -1 -1 -1 -1 -1 -1 -1 -1 -1 -1 -1 -1 -1 -1 -1 -1 -1 -1 -1 -1 -1 -1 -1 -1 -1 -1 -1 -1 -1 -1 -1 -1 -1 -1 -1 -1 -1 -1 -1 -1 -1 -1 -1 -1 -1 -1 -1 -1 -1 -1 -1 -1 -1 -1 -1 -1 -1 -1 -1 -1 -1 -1 -1 -1 -1 -1 -1 -1 -1 -1 -1 -1 -1 -1 -1 -1 -1 -1 -1 -1 -1 -1 -1 -1 -1 -1 -1 -1 -1 -1 -1 -1 -1 -1 -1 -1 -1 -1 -1 -1 -1 -1 -1 -1 -1 -1 -1 -1 -1 -1 -1 -1 -1 -1 -1 -1 -1 -1 -1 -1 -1 -1 -1 -1 -1 -1 -1 -1 -1 -1 -1 -1 -1 -1 -1 -1 -1 -1 -1 -1 -1 -1 -1 -1 -1 -1 -1 -1 -1 -1 -1 -1 -1 -1 -1 -1 -1 -1 -1 -1 -1 -1 -1 -1 -1 -1 -1 -1 -1 -1 -1 -1 -1 -1 -1 -1 -1 -1 -1 -1 -1 -1 -1 -1 -1 -1 -1 -1 -1 -1 -1 -1 -1 -1 -1 -1 -1 -1 -1 -1 -1 -1 -1 -1 -1 -1 -1 -1 -1 -1 -1 -1 -1 -1 -1 -1 -1 -1 -1 -1 -1 -1 -1 -1 -1 -1 -1 -1 -1 -1 -1 -1 -1 -1 -1 -1 -1 -1 -1 -1 -1 -1 -1 -1 -1 -1 -1 -1 -1 -1 -1 -1 -1 -1 -1 -1 -1 -1 -1 -1 -1 -1 -1 -1 -1 -1 -1 -1 -1 -1 -1 -1 -1 -1 -1 -1 -1 -1 -1 -1 -1 -1 -1 -1 -1 -1 -1 -1 -1 -1 -1 -1 -1 -1 -1 -1 -1 -1 -1 -1 -1 -1 -1 -1 -1 -1 -1 -1 -1 -1 -1 -1 -1 -1 -1 -1 -1 -1 -1 -1 -1 -1 -1 -1 -1 -1 -1 -1 -1 -1 -1 -1 -1 -1 -1 -1 -1 -1 -1 -1 -1 -1 -1 -1 -1 -1 -1 -1 -1 -1 -1 -1 -1 -1 -1 -1 -1 -1 -1 -1 -1 -1 -1 -1 -1 -1 -1 -1 -1 -1 -1 -1 -1 -1 -1 -1 -1 -1 -1 -1 -1 -1 -1 -1 -1 -1 -1 -1 -1 -1 -1 -1 -1 -1 -1 -1 -1 -1 -1 -1 -1 -1 -1 -1 -1 -1 -1 -1 -1 -1 -1 -1 -1 -1 -1 -1 -1 -1 -1 -1 -1 -1 -1 -1 -1 -1 -1 -1 -1 -1 -1 -1 -1 -1 -1 -1 -1 -1 -1 -1 -1 -1 -1 -1 -1 -1 -1 -1 -1 -1 -1 -1 -1 -1 -1 -1 -1 -1 -1 -1 -1 -1 -1 -1 -1 -1 -1 -1 -1 -1 -1 -1 -1 -1 -1 -1 -1 -1 -1 -1 -1 -1 -1 -1 -1 -1 -1 -1 -1 -1 -1 -1 -1 -1 -1 -1 -1 -1 -1 -1 -1 -1 -1 -1 -1 -1 -1 -1 -1 -1 -1 -1 -1 -1 -1 -1 -1 -1 -1 -1 -1 -1 -1 -1 -1 -1 -1 -1 -1 -1 -1 -1 -1 -1 -1 -1 -1 -1 -1 -1 -1 -1 -1 -1 -1 -1 -1 -1 -1 -1 -1 -1 -1 -1 -1 -1 -1 -1 -1 -1 -1 -1 -1 -1 -1 -1 -1 -1 -1 -1 -1 -1 -1 -1 -1 -1 -1 -1 -1 -1 -1 -1 -1 -1 -1 -1 -1 -1 -1 -1 -1 -1 -1 -1 -1 -1 -1 -1 -1 -1 -1 -1 -1 -1 -1 -1 -1 -1 -1 -1 -1 -1 -1 -1 -1 -1 -1 -1 -1 -1 -1 -1 -1 -1 -1 -1 -1 -1 -1 -1 -1 -1 -1 -1 -1 -1 -1 -1 -1 -1 -1 -1 -1 -1 -1 -1 -1 -1 -1 -1 -1 -1 -1 -1 -1 -1 -1 -1 -1 -1 -1 -1 -1 -1 -1 -1 -1 -1 -1 -1 -1 -1 -1 -1 -1 -1 -1 -1 -1 -1 -1 -1 -1 -1 -1 -1 -1 -1 -1 -1 -1 -1 -1 -1 -1 -1 -1 -1 -1 -1 -1 -1 -1 -1 -1 -1 -1 -1 -1 -1 -1 -1 -1 -1 -1 -1 -1 -1 -1 -1 -1 -1 -1 -1 -1 -1 -1 -1 -1 -1 -1 -1 -1 -1 -1 -1 -1 -1 -1 -1 -1 -1 -1 -1 -1 -1 -1 -1 -1 -1 -1 -1 -1 -1 -1 -1 -1 -1 -1 -1 -1 -1 -1 -1 -1 -1 -1 -1 -1 -1 -1 -1 -1 -1 -1 -1 -1 -1 -1 -1 -1 -1 -1 -1 -1 -1 -1 -1 -1 -1 -1 -1 -1 -1 -1 -1 -1 -1 -1 -1 -1 -1 -1 -1 -1 -1 -1 -1 -1 -1 -1 -1 -1 -1 -1 -1 -1 -1 -1 -1 -1 -1 -1 -1 -1 -1 -1 -1 -1 -1 -1 -1 -1 -1 -1 -1 -1 -1 -1 -1 -1 -1 -1 -1 -1 -1 -1 -1 -1 -1 -1 -1 -1 -1 -1 -1 -1 -1 -1 -1 -1 -1 -1 -1 -1 -1 -1 -1 -1 -1 -1 -1 -1 -1 -1 -1 -1 -1 -1 -1 -1 -1 -1 -1 -1 -1 -1 -1 -1 -1 -1 -1 -1 -1 -1 -1 -1 -1 -1 -1 -1 -1 -1 -1 -1 -1 -1 -1 -1 -1 -1 -1 -1 -1 -1 -1 -1 -1 -1 -1 -1 -1 -1 -1 -1 -1 -1 -1 -1 -1 -1 -1 -1 -1 -1 -1 -1 -1 -1 -1 -1 -1 -1 -1 -1 -1 -1 -1 -1 -1 -1 -1 -1 -1 -1 -1 -1 -1 -1 -1 -1 -1 -1 -1 -1 -1 -1 -1 -1 -1 -1 -1 -1 -1 -1 -1 -1 -1 -1 -1 -1 -1 -1 -1 -1 -1 -1 -1 -1 -1 -1 -1 -1 -1 -1 -1 -1 -1 -1 -1 -1 -1 -1 -1 -1 -1 -1 -1 -1 -1 -1 -1 -1 -1 -1 -1 -1 -1 -1 -1 -1 -1 -1 -1 -1 -1 -1 -1 -1 -1 -1 -1 -1 -1 -1 -1 -1 -1 -1 -1 -1 -1 -1 -1 -1 -1 -1 -1 -1 -1 -1 -1 -1 -1 -1 -1 -1 -1 -1 -1 -1 -1 -1 -1 -1 -1 -1 -1 -1 -1 -1 -1 -1 -1 -1 -1 -1 -1 -1 -1 -1 -1 -1 -1 -1 -1 -1 -1 -1 -1 -1 -1 -1 -1 -1 -1 -1 -1 -1 -1 -1 -1 -1 -1 -1 -1 -1 -1 -1 -1 -1 -1 -1 -1 -1 -1 -1 -1 -1 -1 -1 -1 -1 -1 -1 -1 -1 -1 -1 -1 -1 -1 -1 -1 -1 -1 -1 -1 -1 -1 -1 -1 -1 -1 -1 -1 -1 -1 -1 -1 -1 -1 -1 -1 -1 -1 -1 -1 -1 -1 -1 -1 -1 -1 -1 -1 -1 -1 -1 -1 -1 -1 -1 -1 -1 -1 -1 -1 -1 -1 -1 -1 -1 -1 -1 -1 -1 -1 -1 -1 -1 -1 -1 -1 -1 -1 -1 -1 -1 -1 -1 -1 -1 -1 -1 -1 -1 -1 -1 -1 -1 -1 -1 -1 -1 -1 -1 -1 -1 -1 -1 -1 -1 -1 -1 -1 -1 -1 -1 -1 -1 -1 -1 -1 -1 -1 -1 -1 -1 -1 -1 -1 -1 -1 -1 -1 -1 -1 -1 -1 -1 -1 -1 -1 -1 -1 -1 -1 -1 -1 -1 -1 -1 -1 -1 -1 -1 -1 -1 -1 -1 -1 -1 -1 -1 -1 -1 -1 -1 -1 -1 -1 -1 -1 -1 -1 -1 -1 -1 -1 -1 -1 -1 -1 -1 -1 -1 -1 -1 -1 -1 -1 -1 -1 -1 -1 -1 -1 -1 -1 -1 -1 -1 -1 -1 -1 -1 -1 -1 -1 -1 -1 -1 -1 -1 -1 -1 -1 -1 -1 -1 -1 -1 -1 -1 -1 -1 -1 -1 -1 -1 -1 -1 -1 -1 -1 -1 -1 -1 -1 -1 -1 -1 -1 -1 -1 -1 -1 -1 -1 -1 -1 -1 -1 -1 -1 -1 -1 -1 -1 -1 -1 -1 -1 -1 -1 -1 -1 -1 -1 -1 -1 -1 -1 -1 -1 -1 -1 -1 -1 -1 -1 -1 -1 -1 -1 -1 -1 -1 -1 -1 -1 -1 -1 -1 -1 -1 -1 -1 -1 -1 -1 -1 -1 -1 -1 -1 -1 -1 -1 -1 -1 -1 -1 -1 -1 -1 -1 -1 -1 -1 -1 -1 -1 -1 -1 -1 -1 -1 -1 -1 -1 -1 -1 -1 -1 -1 -1 -1 -1 -1 -1 -1 -1 -1 -1 -1 -1 -1 -1 -1 -1 -1 -1 -1 -1 -1 -1 -1 -1 -1 -1 -1 -1 -1 -1 -1 -1 -1 -1 -1 -1 -1 -1 -1 -1 -1 -1 -1 -1 -1 -1 -1 -1 -1 -1 -1 -1 -1 -1 -1 -1 -1 -1 -1 -1 -1 -1 -1 -1 -1 -1 -1 -1 -1 -1 -1 -1 -1 -1 -1 -1 -1 -1 -1 -1 -1 -1 -1 -1 -1 -1 -1 -1 -1 -1 -1 -1 -1 -1 -1 -1 -1 -1 -1 -1 -1 -1 -1 -1 -1 -1 -1 -1 -1 -1 -1 -1 -1 -1 -1 -1 -1 -1 -1 -1 -1 -1 -1 -1 -1 -1 -1 -1 -1 -1 -1 -1 -1 -1 -1 -1 -1 -1 -1 -1 -1 -1 -1 -1 -1 -1 -1 -1 -1 -1 -1 -1 -1 -1 -1 -1 -1 -1 -1 -1 -1 -1 -1 -1 -1 -1 -1 -1 -1 -1 -1 -1 -1 -1 -1 -1 -1 -1 -1 -1 -1 -1 -1 -1 -1 -1 -1 -1 -1 -1 -1 -1 -1 -1 -1 -1 -1 -1 -1 -1 -1 -1 -1 -1 -1 -1 -1 -1 -1 -1 -1 -1 -1 -1 -1 -1 -1 -1 -1 -1 -1 -1 -1 -1 -1 -1 -1 -1 -1 -1 -1 -1 -1 -1 -1 -1 -1 -1 -1 -1 -1 -1 -1 -1 -1 -1 -1 -1 -1 -1 -1 -1 -1 -1 -1 -1 -1 -1 -1 -1 -1 -1 -1 -1 -1 -1 -1 -1 -1 -1 -1 -1 -1 -1 -1 -1 -1 -1 -1 -1 -1 -1 -1 -1 -1 -1 -1 -1 -1 -1 -1 -1 -1 -1 -1 -1 -1 -1 -1 -1 -1 -1 -1 -1 -1 -1 -1 -1 -1 -1 -1 -1 -1 -1 -1 -1 -1 -1 -1 -1 -1 -1 -1 -1 -1 -1 -1 -1 -1 -1 -1 -1 -1 -1 -1 -1 -1 -1 -1 -1 -1 -1 -1 -1 -1 -1 -1 -1 -1 -1 -1 -1 -1 -1 -1 -1 -1 -1 -1 -1 -1 -1 -1 -1 -1 -1 -1 -1 -1 -1 -1 -1 -1 -1 -1 -1 -1 -1 -1 -1 -1 -1 -1 -1 -1 -1 -1 -1 -1 -1 -1 -1 -1 -1 -1 -1 -1 -1 -1 -1 -1 -1 -1 -1 -1 -1 -1 -1 -1 -1 -1 -1 -1 -1 -1 -1 -1 -1 -1 -1 -1 -1 -1 -1 -1 -1 -1 -1 -1 -1 -1 -1 -1 -1 -1 -1 -1 -1 -1 -1 -1 -1 -1 -1 -1 -1 -1 -1 -1 -1 -1 -1 -1 -1 -1 -1 -1 -1 -1 -1 -1 -1 -1 -1 -1 -1 -1 -1 -1 -1 -1 -1 -1 -1 -1 -1 -1 -1 -1 -1 -1 -1 -1 -1 -1 -1 -1 -1 -1 -1 -1 -1 -1 -1 -1 -1 -1 -1 -1 -1 -1 -1 -1 -1 -1 -1 -1 -1 -1 -1 -1 -1 -1 -1 -1 -1 -1 -1 -1 -1 -1 -1 -1 -1 -1 -1 -1 -1 -1 -1 -1 -1 -1 -1 -1 -1 -1 -1 -1 -1 -1 -1 -1 -1
initial_prev_indexs 2048 -1 -1 -1 -1 -1 -1 -1 -1 -1 -1 -1 -1 -1 -1 -1 -1 -1 -1 -1 -1 -1 -1 -1 -1 -1 -1 -1 -1 -1 -1 -1 -1 -1 -1 -1 -1 -1 -1 -1 -1 -1 -1 -1 -1 -1 -1 -1 -1 -1 -1 -1 -1 -1 -1 -1 -1 -1 -1 -1 -1 -1 -1 -1 -1 -1 -1 -1 -1 -1 -1 -1 -1 -1 -1 -1 -1 -1 -1 -1 -1 -1 -1 -1 -1 -1 -1 -1 -1 -1 -1 -1 -1 -1 -1 -1 -1 -1 -1 -1 -1 -1 -1 -1 -1 -1 -1 -1 -1 -1 -1 -1 -1 -1 -1 -1 -1 -1 -1 -1 -1 -1 -1 -1 -1 -1 -1 -1 -1 -1 -1 -1 -1 -1 -1 -1 -1 -1 -1 -1 -1 -1 -1 -1 -1 -1 -1 -1 -1 -1 -1 -1 -1 -1 -1 -1 -1 -1 -1 -1 -1 -1 -1 -1 -1 -1 -1 -1 -1 -1 -1 -1 -1 -1 -1 -1 -1 -1 -1 -1 -1 -1 -1 -1 -1 -1 -1 -1 -1 -1 -1 -1 -1 -1 -1 -1 -1 -1 -1 -1 -1 -1 -1 -1 -1 -1 -1 -1 -1 -1 -1 -1 -1 -1 -1 -1 -1 -1 -1 -1 -1 -1 -1 -1 -1 -1 -1 -1 -1 -1 -1 -1 -1 -1 -1 -1 -1 -1 -1 -1 -1 -1 -1 -1 -1 -1 -1 -1 -1 -1 -1 -1 -1 -1 -1 -1 -1 -1 -1 -1 -1 -1 -1 -1 -1 -1 -1 -1 -1 -1 -1 -1 -1 -1 -1 -1 -1 -1 -1 -1 -1 -1 -1 -1 -1 -1 -1 -1 -1 -1 -1 -1 -1 -1 -1 -1 -1 -1 -1 -1 -1 -1 -1 -1 -1 -1 -1 -1 -1 -1 -1 -1 -1 -1 -1 -1 -1 -1 -1 -1 -1 -1 -1 -1 -1 -1 -1 -1 -1 -1 -1 -1 -1 -1 -1 -1 -1 -1 -1 -1 -1 -1 -1 -1 -1 -1 -1 -1 -1 -1 -1 -1 -1 -1 -1 -1 -1 -1 -1 -1 -1 -1 -1 -1 -1 -1 -1 -1 -1 -1 -1 -1 -1 -1 -1 -1 -1 -1 -1 -1 -1 -1 -1 -1 -1 -1 -1 -1 -1 -1 -1 -1 -1 -1 -1 -1 -1 -1 -1 -1 -1 -1 -1 -1 -1 -1 -1 -1 -1 -1 -1 -1 -1 -1 -1 -1 -1 -1 -1 -1 -1 -1 -1 -1 -1 -1 -1 -1 -1 -1 -1 -1 -1 -1 -1 -1 -1 -1 -1 -1 -1 -1 -1 -1 -1 -1 -1 -1 -1 -1 -1 -1 -1 -1 -1 -1 -1 -1 -1 -1 -1 -1 -1 -1 -1 -1 -1 -1 -1 -1 -1 -1 -1 -1 -1 -1 -1 -1 -1 -1 -1 -1 -1 -1 -1 -1 -1 -1 -1 -1 -1 -1 -1 -1 -1 -1 -1 -1 -1 -1 -1 -1 -1 -1 -1 -1 -1 -1 -1 -1 -1 -1 -1 -1 -1 -1 -1 -1 -1 -1 -1 -1 -1 -1 -1 -1 -1 -1 -1 -1 -1 -1 -1 -1 -1 -1 -1 -1 -1 -1 -1 -1 -1 -1 -1 -1 -1 -1 -1 -1 -1 -1 -1 -1 -1 -1 -1 -1 -1 -1 -1 -1 -1 -1 -1 -1 -1 -1 -1 -1 -1 -1 -1 -1 -1 -1 -1 -1 -1 -1 -1 -1 -1 -1 -1 -1 -1 -1 -1 -1 -1 -1 -1 -1 -1 -1 -1 -1 -1 -1 -1 -1 -1 -1 -1 -1 -1 -1 -1 -1 -1 -1 -1 -1 -1 -1 -1 -1 -1 -1 -1 -1 -1 -1 -1 -1 -1 -1 -1 -1 -1 -1 -1 -1 -1 -1 -1 -1 -1 -1 -1 -1 -1 -1 -1 -1 -1 -1 -1 -1 -1 -1 -1 -1 -1 -1 -1 -1 -1 -1 -1 -1 -1 -1 -1 -1 -1 -1 -1 -1 -1 -1 -1 -1 -1 -1 -1 -1 -1 -1 -1 -1 -1 -1 -1 -1 -1 -1 -1 -1 -1 -1 -1 -1 -1 -1 -1 -1 -1 -1 -1 -1 -1 -1 -1 -1 -1 -1 -1 -1 -1 -1 -1 -1 -1 -1 -1 -1 -1 -1 -1 -1 -1 -1 -1 -1 -1 -1 -1 -1 -1 -1 -1 -1 -1 -1 -1 -1 -1 -1 -1 -1 -1 -1 -1 -1 -1 -1 -1 -1 -1 -1 -1 -1 -1 -1 -1 -1 -1 -1 -1 -1 -1 -1 -1 -1 -1 -1 -1 -1 -1 -1 -1 -1 -1 -1 -1 -1 -1 -1 -1 -1 -1 -1 -1 -1 -1 -1 -1 -1 -1 -1 -1 -1 -1 -1 -1 -1 -1 -1 -1 -1 -1 -1 -1 -1 -1 -1 -1 -1 -1 -1 -1 -1 -1 -1 -1 -1 -1 -1 -1 -1 -1 -1 -1 -1 -1 -1 -1 -1 -1 -1 -1 -1 -1 -1 -1 -1 -1 -1 -1 -1 -1 -1 -1 -1 -1 -1 -1 -1 -1 -1 -1 -1 -1 -1 -1 -1 -1 -1 -1 -1 -1 -1 -1 -1 -1 -1 -1 -1 -1 -1 -1 -1 -1 -1 -1 -1 -1 -1 -1 -1 -1 -1 -1 -1 -1 -1 -1 -1 -1 -1 -1 -1 -1 -1 -1 -1 -1 -1 -1 -1 -1 -1 -1 -1 -1 -1 -1 -1 -1 -1 -1 -1 -1 -1 -1 -1 -1 -1 -1 -1 -1 -1 -1 -1 -1 -1 -1 -1 -1 -1 -1 -1 -1 -1 -1 -1 -1 -1 -1 -1 -1 -1 -1 -1 -1 -1 -1 -1 -1 -1 -1 -1 -1 -1 -1 -1 -1 -1 -1 -1 -1 -1 -1 -1 -1 -1 -1 -1 -1 -1 -1 -1 -1 -1 -1 -1 -1 -1 -1 -1 -1 -1 -1 -1 -1 -1 -1 -1 -1 -1 -1 -1 -1 -1 -1 -1 -1 -1 -1 -1 -1 -1 -1 -1 -1 -1 -1 -1 -1 -1 -1 -1 -1 -1 -1 -1 -1 -1 -1 -1 -1 -1 -1 -1 -1 -1 -1 -1 -1 -1 -1 -1 -1 -1 -1 -1 -1 -1 -1 -1 -1 -1 -1 -1 -1 -1 -1 -1 -1 -1 -1 -1 -1 -1 -1 -1 -1 -1 -1 -1 -1 -1 -1 -1 -1 -1 -1 -1 -1 -1 -1 -1 -1 -1 -1 -1 -1 -1 -1 -1 -1 -1 -1 -1 -1 -1 -1 -1 -1 -1 -1 -1 -1 -1 -1 -1 -1 -1 -1 -1 -1 -1 -1 -1 -1 -1 -1 -1 -1 -1 -1 -1 -1 -1 -1 -1 -1 -1 -1 -1 -1 -1 -1 -1 -1 -1 -1 -1 -1 -1 -1 -1 -1 -1 -1 -1 -1 -1 -1 -1 -1 -1 -1 -1 -1 -1 -1 -1 -1 -1 -1 -1 -1 -1 -1 -1 -1 -1 -1 -1 -1 -1 -1 -1 -1 -1 -1 -1 -1 -1 -1 -1 -1 -1 -1 -1 -1 -1 -1 -1 -1 -1 -1 -1 -1 -1 -1 -1 -1 -1 -1 -1 -1 -1 -1 -1 -1 -1 -1 -1 -1 -1 -1 -1 -1 -1 -1 -1 -1 -1 -1 -1 -1 -1 -1 -1 -1 -1 -1 -1 -1 -1 -1 -1 -1 -1 -1 -1 -1 -1 -1 -1 -1 -1 -1 -1 -1 -1 -1 -1 -1 -1 -1 -1 -1 -1 -1 -1 -1 -1 -1 -1 -1 -1 -1 -1 -1 -1 -1 -1 -1 -1 -1 -1 -1 -1 -1 -1 -1 -1 -1 -1 -1 -1 -1 -1 -1 -1 -1 -1 -1 -1 -1 -1 -1 -1 -1 -1 -1 -1 -1 -1 -1 -1 -1 -1 -1 -1 -1 -1 -1 -1 -1 -1 -1 -1 -1 -1 -1 -1 -1 -1 -1 -1 -1 -1 -1 -1 -1 -1 -1 -1 -1 -1 -1 -1 -1 -1 -1 -1 -1 -1 -1 -1 -1 -1 -1 -1 -1 -1 -1 -1 -1 -1 -1 -1 -1 -1 -1 -1 -1 -1 -1 -1 -1 -1 -1 -1 -1 -1 -1 -1 -1 -1 -1 -1 -1 -1 -1 -1 -1 -1 -1 -1 -1 -1 -1 -1 -1 -1 -1 -1 -1 -1 -1 -1 -1 -1 -1 -1 -1 -1 -1 -1 -1 -1 -1 -1 -1 -1 -1 -1 -1 -1 -1 -1 -1 -1 -1 -1 -1 -1 -1 -1 -1 -1 -1 -1 -1 -1 -1 -1 -1 -1 -1 -1 -1 -1 -1 -1 -1 -1 -1 -1 -1 -1 -1 -1 -1 -1 -1 -1 -1 -1 -1 -1 -1 -1 -1 -1 -1 -1 -1 -1 -1 -1 -1 -1 -1 -1 -1 -1 -1 -1 -1 -1 -1 -1 -1 -1 -1 -1 -1 -1 -1 -1 -1 -1 -1 -1 -1 -1 -1 -1 -1 -1 -1 -1 -1 -1 -1 -1 -1 -1 -1 -1 -1 -1 -1 -1 -1 -1 -1 -1 -1 -1 -1 -1 -1 -1 -1 -1 -1 -1 -1 -1 -1 -1 -1 -1 -1 -1 -1 -1 -1 -1 -1 -1 -1 -1 -1 -1 -1 -1 -1 -1 -1 -1 -1 -1 -1 -1 -1 -1 -1 -1 -1 -1 -1 -1 -1 -1 -1 -1 -1 -1 -1 -1 -1 -1 -1 -1 -1 -1 -1 -1 -1 -1 -1 -1 -1 -1 -1 -1 -1 -1 -1 -1 -1 -1 -1 -1 -1 -1 -1 -1 -1 -1 -1 -1 -1 -1 -1 -1 -1 -1 -1 -1 -1 -1 -1 -1 -1 -1 -1 -1 -1 -1 -1 -1 -1 -1 -1 -1 -1 -1 -1 -1 -1 -1 -1 -1 -1 -1 -1 -1 -1 -1 -1 -1 -1 -1 -1 -1 -1 -1 -1 -1 -1 -1 -1 -1 -1 -1 -1 -1 -1 -1 -1 -1 -1 -1 -1 -1 -1 -1 -1 -1 -1 -1 -1 -1 -1 -1 -1 -1 -1 -1 -1 -1 -1 -1 -1 -1 -1 -1 -1 -1 -1 -1 -1 -1 -1 -1 -1 -1 -1 -1 -1 -1 -1 -1 -1 -1 -1 -1 -1 -1 -1 -1 -1 -1 -1 -1 -1 -1 -1 -1 -1 -1 -1 -1 -1 -1 -1 -1 -1 -1 -1 -1 -1 -1 -1 -1 -1 -1 -1 -1 -1 -1 -1 -1 -1 -1 -1 -1 -1 -1 -1 -1 -1 -1 -1 -1 -1 -1 -1 -1 -1 -1 -1 -1 -1 -1 -1 -1 -1 -1 -1 -1 -1 -1 -1 -1 -1 -1 -1 -1 -1 -1 -1 -1 -1 -1 -1 -1 -1 -1 -1 -1 -1 -1 -1 -1 -1 -1 -1 -1 -1 -1 -1 -1 -1 -1 -1 -1 -1 -1 -1 -1 -1 -1 -1 -1 -1 -1 -1 -1 -1 -1 -1 -1 -1 -1 -1 -1 -1 -1 -1 -1 -1 -1 -1 -1 -1 -1 -1 -1 -1 -1 -1 -1 -1 -1 -1 -1 -1 -1 -1 -1 -1 -1 -1 -1 -1 -1 -1 -1 -1 -1 -1 -1 -1 -1 -1 -1 -1 -1 -1 -1 -1 -1 -1 -1 -1 -1 -1 -1 -1 -1 -1 -1 -1 -1 -1 -1 -1 -1 -1 -1 -1 -1 -1 -1 -1 -1 -1 -1 -1 -1 -1 -1 -1 -1 -1 -1 -1 -1 -1 -1 -1 -1 -1 -1 -1 -1 -1 -1 -1 -1 -1 -1 -1 -1 -1 -1 -1 -1 -1 -1 -1 -1 -1 -1 -1 -1 -1 -1 -1 -1 -1 -1 -1 -1 -1 -1 -1 -1 -1 -1 -1 -1 -1 -1 -1 -1 -1 -1 -1 -1 -1 -1 -1 -1 -1 -1 -1 -1 -1 -1 -1 -1 -1 -1 -1 -1 -1 -1 -1 -1 -1 -1 -1 -1 -1 -1 -1 -1 -1 -1 -1 -1 -1 -1 -1 -1 -1 -1 -1 -1 -1 -1 -1 -1 -1 -1 -1 -1 -1 -1 -1 -1 -1 -1 -1 -1 -1 -1 -1 -1 -1 -1 -1 -1 -1 -1 -1 -1 -1 -1 -1 -1 -1 -1 -1 -1 -1 -1 -1 -1 -1 -1 -1 -1 -1 -1 -1 -1 -1 -1 -1 -1 -1 -1 -1 -1 -1
initial_next_indexs 2048 -2 -2 -2 -2 -2 -2 -2 -2 -2 -2 -2 -2 -2 -2 -2 -2 -2 -2 -2 -2 -2 -2 -2 -2 -2 -2 -2 -2 -2 -2 -2 -2 -2 -2 -2 -2 -2 -2 -2 -2 -2 -2 -2 -2 -2 -2 -2 -2 -2 -2 -2 -2 -2 -2 -2 -2 -2 -2 -2 -2 -2 -2 -2 -2 -2 -2 -2 -2 -2 -2 -2 -2 -2 -2 -2 -2 -2 -2 -2 -2 -2 -2 -2 -2 -2 -2 -2 -2 -2 -2 -2 -2 -2 -2 -2 -2 -2 -2 -2 -2 -2 -2 -2 -2 -2 -2 -2 -2 -2 -2 -2 -2 -2 -2 -2 -2 -2 -2 -2 -2 -2 -2 -2 -2 -2 -2 -2 -2 -2 -2 -2 -2 -2 -2 -2 -2 -2 -2 -2 -2 -2 -2 -2 -2 -2 -2 -2 -2 -2 -2 -2 -2 -2 -2 -2 -2 -2 -2 -2 -2 -2 -2 -2 -2 -2 -2 -2 -2 -2 -2 -2 -2 -2 -2 -2 -2 -2 -2 -2 -2 -2 -2 -2 -2 -2 -2 -2 -2 -2 -2 -2 -2 -2 -2 -2 -2 -2 -2 -2 -2 -2 -2 -2 -2 -2 -2 -2 -2 -2 -2 -2 -2 -2 -2 -2 -2 -2 -2 -2 -2 -2 -2 -2 -2 -2 -2 -2 -2 -2 -2 -2 -2 -2 -2 -2 -2 -2 -2 -2 -2 -2 -2 -2 -2 -2 -2 -2 -2 -2 -2 -2 -2 -2 -2 -2 -2 -2 -2 -2 -2 -2 -2 -2 -2 -2 -2 -2 -2 -2 -2 -2 -2 -2 -2 -2 -2 -2 -2 -2 -2 -2 -2 -2 -2 -2 -2 -2 -2 -2 -2 -2 -2 -2 -2 -2 -2 -2 -2 -2 -2 -2 -2 -2 -2 -2 -2 -2 -2 -2 -2 -2 -2 -2 -2 -2 -2 -2 -2 -2 -2 -2 -2 -2 -2 -2 -2 -2 -2 -2 -2 -2 -2 -2 -2 -2 -2 -2 -2 -2 -2 -2 -2 -2 -2 -2 -2 -2 -2 -2 -2 -2 -2 -2 -2 -2 -2 -2 -2 -2 -2 -2 -2 -2 -2 -2 -2 -2 -2 -2 -2 -2 -2 -2 -2 -2 -2 -2 -2 -2 -2 -2 -2 -2 -2 -2 -2 -2 -2 -2 -2 -2 -2 -2 -2 -2 -2 -2 -2 -2 -2 -2 -2 -2 -2 -2 -2 -2 -2 -2 -2 -2 -2 -2 -2 -2 -2 -2 -2 -2 -2 -2 -2 -2 -2 -2 -2 -2 -2 -2 -2 -2 -2 -2 -2 -2 -2 -2 -2 -2 -2 -2 -2 -2 -2 -2 -2 -2 -2 -2 -2 -2 -2 -2 -2 -2 -2 -2 -2 -2 -2 -2 -2 -2 -2 -2 -2 -2 -2 -2 -2 -2 -2 -2 -2 -2 -2 -2 -2 -2 -2 -2 -2 -2 -2 -2 -2 -2 -2 -2 -2 -2 -2 -2 -2 -2 -2 -2 -2 -2 -2 -2 -2 -2 -2 -2 -2 -2 -2 -2 -2 -2 -2 -2 -2 -2 -2 -2 -2 -2 -2 -2 -2 -2 -2 -2 -2 -2 -2 -2 -2 -2 -2 -2 -2 -2 -2 -2 -2 -2 -2 -2 -2 -2 -2 -2 -2 -2 -2 -2 -2 -2 -2 -2 -2 -2 -2 -2 -2 -2 -2 -2 -2 -2 -2 -2 -2 -2 -2 -2 -2 -2 -2 -2 -2 -2 -2 -2 -2 -2 -2 -2 -2 -2 -2 -2 -2 -2 -2 -2 -2 -2 -2 -2 -2 -2 -2 -2 -2 -2 -2 -2 -2 -2 -2 -2 -2 -2 -2 -2 -2 -2 -2 -2 -2 -2 -2 -2 -2 -2 -2 -2 -2 -2 -2 -2 -2 -2 -2 -2 -2 -2 -2 -2 -2 -2 -2 -2 -2 -2 -2 -2 -2 -2 -2 -2 -2 -2 -2 -2 -2 -2 -2 -2 -2 -2 -2 -2 -2 -2 -2 -2 -2 -2 -2 -2 -2 -2 -2 -2 -2 -2 -2 -2 -2 -2 -2 -2 -2 -2 -2 -2 -2 -2 -2 -2 -2 -2 -2 -2 -2 -2 -2 -2 -2 -2 -2 -2 -2 -2 -2 -2 -2 -2 -2 -2 -2 -2 -2 -2 -2 -2 -2 -2 -2 -2 -2 -2 -2 -2 -2 -2 -2 -2 -2 -2 -2 -2 -2 -2 -2 -2 -2 -2 -2 -2 -2 -2 -2 -2 -2 -2 -2 -2 -2 -2 -2 -2 -2 -2 -2 -2 -2 -2 -2 -2 -2 -2 -2 -2 -2 -2 -2 -2 -2 -2 -2 -2 -2 -2 -2 -2 -2 -2 -2 -2 -2 -2 -2 -2 -2 -2 -2 -2 -2 -2 -2 -2 -2 -2 -2 -2 -2 -2 -2 -2 -2 -2 -2 -2 -2 -2 -2 -2 -2 -2 -2 -2 -2 -2 -2 -2 -2 -2 -2 -2 -2 -2 -2 -2 -2 -2 -2 -2 -2 -2 -2 -2 -2 -2 -2 -2 -2 -2 -2 -2 -2 -2 -2 -2 -2 -2 -2 -2 -2 -2 -2 -2 -2 -2 -2 -2 -2 -2 -2 -2 -2 -2 -2 -2 -2 -2 -2 -2 -2 -2 -2 -2 -2 -2 -2 -2 -2 -2 -2 -2 -2 -2 -2 -2 -2 -2 -2 -2 -2 -2 -2 -2 -2 -2 -2 -2 -2 -2 -2 -2 -2 -2 -2 -2 -2 -2 -2 -2 -2 -2 -2 -2 -2 -2 -2 -2 -2 -2 -2 -2 -2 -2 -2 -2 -2 -2 -2 -2 -2 -2 -2 -2 -2 -2 -2 -2 -2 -2 -2 -2 -2 -2 -2 -2 -2 -2 -2 -2 -2 -2 -2 -2 -2 -2 -2 -2 -2 -2 -2 -2 -2 -2 -2 -2 -2 -2 -2 -2 -2 -2 -2 -2 -2 -2 -2 -2 -2 -2 -2 -2 -2 -2 -2 -2 -2 -2 -2 -2 -2 -2 -2 -2 -2 -2 -2 -2 -2 -2 -2 -2 -2 -2 -2 -2 -2 -2 -2 -2 -2 -2 -2 -2 -2 -2 -2 -2 -2 -2 -2 -2 -2 -2 -2 -2 -2 -2 -2 -2 -2 -2 -2 -2 -2 -2 -2 -2 -2 -2 -2 -2 -2 -2 -2 -2 -2 -2 -2 -2 -2 -2 -2 -2 -2 -2 -2 -2 -2 -2 -2 -2 -2 -2 -2 -2 -2 -2 -2 -2 -2 -2 -2 -2 -2 -2 -2 -2 -2 -2 -2 -2 -2 -2 -2 -2 -2 -2 -2 -2 -2 -2 -2 -2 -2 -2 -2 -2 -2 -2 -2 -2 -2 -2 -2 -2 -2 -2 -2 -2 -2 -2 -2 -2 -2 -2 -2 -2 -2 -2 -2 -2 -2 -2 -2 -2 -2 -2 -2 -2 -2 -2 -2 -2 -2 -2 -2 -2 -2 -2 -2 -2 -2 -2 -2 -2 -2 -2 -2 -2 -2 -2 -2 -2 -2 -2 -2 -2 -2 -2 -2 -2 -2 -2 -2 -2 -2 -2 -2 -2 -2 -2 -2 -2 -2 -2 -2 -2 -2 -2 -2 -2 -2 -2 -2 -2 -2 -2 -2 -2 -2 -2 -2 -2 -2 -2 -2 -2 -2 -2 -2 -2 -2 -2 -2 -2 -2 -2 -2 -2 -2 -2 -2 -2 -2 -2 -2 -2 -2 -2 -2 -2 -2 -2 -2 -2 -2 -2 -2 -2 -2 -2 -2 -2 -2 -2 -2 -2 -2 -2 -2 -2 -2 -2 -2 -2 -2 -2 -2 -2 -2 -2 -2 -2 -2 -2 -2 -2 -2 -2 -2 -2 -2 -2 -2 -2 -2 -2 -2 -2 -2 -2 -2 -2 -2 -2 -2 -2 -2 -2 -2 -2 -2 -2 -2 -2 -2 -2 -2 -2 -2 -2 -2 -2 -2 -2 -2 -2 -2 -2 -2 -2 -2 -2 -2 -2 -2 -2 -2 -2 -2 -2 -2 -2 -2 -2 -2 -2 -2 -2 -2 -2 -2 -2 -2 -2 -2 -2 -2 -2 -2 -2 -2 -2 -2 -2 -2 -2 -2 -2 -2 -2 -2 -2 -2 -2 -2 -2 -2 -2 -2 -2 -2 -2 -2 -2 -2 -2 -2 -2 -2 -2 -2 -2 -2 -2 -2 -2 -2 -2 -2 -2 -2 -2 -2 -2 -2 -2 -2 -2 -2 -2 -2 -2 -2 -2 -2 -2 -2 -2 -2 -2 -2 -2 -2 -2 -2 -2 -2 -2 -2 -2 -2 -2 -2 -2 -2 -2 -2 -2 -2 -2 -2 -2 -2 -2 -2 -2 -2 -2 -2 -2 -2 -2 -2 -2 -2 -2 -2 -2 -2 -2 -2 -2 -2 -2 -2 -2 -2 -2 -2 -2 -2 -2 -2 -2 -2 -2 -2 -2 -2 -2 -2 -2 -2 -2 -2 -2 -2 -2 -2 -2 -2 -2 -2 -2 -2 -2 -2 -2 -2 -2 -2 -2 -2 -2 -2 -2 -2 -2 -2 -2 -2 -2 -2 -2 -2 -2 -2 -2 -2 -2 -2 -2 -2 -2 -2 -2 -2 -2 -2 -2 -2 -2 -2 -2 -2 -2 -2 -2 -2 -2 -2 -2 -2 -2 -2 -2 -2 -2 -2 -2 -2 -2 -2 -2 -2 -2 -2 -2 -2 -2 -2 -2 -2 -2 -2 -2 -2 -2 -2 -2 -2 -2 -2 -2 -2 -2 -2 -2 -2 -2 -2 -2 -2 -2 -2 -2 -2 -2 -2 -2 -2 -2 -2 -2 -2 -2 -2 -2 -2 -2 -2 -2 -2 -2 -2 -2 -2 -2 -2 -2 -2 -2 -2 -2 -2 -2 -2 -2 -2 -2 -2 -2 -2 -2 -2 -2 -2 -2 -2 -2 -2 -2 -2 -2 -2 -2 -2 -2 -2 -2 -2 -2 -2 -2 -2 -2 -2 -2 -2 -2 -2 -2 -2 -2 -2 -2 -2 -2 -2 -2 -2 -2 -2 -2 -2 -2 -2 -2 -2 -2 -2 -2 -2 -2 -2 -2 -2 -2 -2 -2 -2 -2 -2 -2 -2 -2 -2 -2 -2 -2 -2 -2 -2 -2 -2 -2 -2 -2 -2 -2 -2 -2 -2 -2 -2 -2 -2 -2 -2 -2 -2 -2 -2 -2 -2 -2 -2 -2 -2 -2 -2 -2 -2 -2 -2 -2 -2 -2 -2 -2 -2 -2 -2 -2 -2 -2 -2 -2 -2 -2 -2 -2 -2 -2 -2 -2 -2 -2 -2 -2 -2 -2 -2 -2 -2 -2 -2 -2 -2 -2 -2 -2 -2 -2 -2 -2 -2 -2 -2 -2 -2 -2 -2 -2 -2 -2 -2 -2 -2 -2 -2 -2 -2 -2 -2 -2 -2 -2 -2 -2 -2 -2 -2 -2 -2 -2 -2 -2 -2 -2 -2 -2 -2 -2 -2 -2 -2 -2 -2 -2 -2 -2 -2 -2 -2 -2 -2 -2 -2 -2 -2 -2 -2 -2 -2 -2 -2 -2 -2 -2 -2 -2 -2 -2 -2 -2 -2 -2 -2 -2 -2 -2 -2 -2 -2 -2 -2 -2 -2 -2 -2 -2 -2 -2 -2 -2 -2 -2 -2 -2 -2 -2 -2 -2 -2 -2 -2 -2 -2 -2 -2 -2 -2 -2 -2 -2 -2 -2 -2 -2 -2 -2 -2 -2 -2 -2 -2 -2 -2 -2 -2 -2 -2 -2 -2 -2 -2 -2 -2 -2 -2 -2 -2 -2 -2 -2 -2 -2 -2 -2 -2 -2 -2 -2 -2 -2 -2 -2 -2 -2 -2 -2 -2 -2 -2 -2 -2 -2 -2 -2 -2 -2 -2 -2 -2 -2 -2 -2 -2 -2 -2 -2 -2 -2 -2 -2 -2 -2 -2 -2 -2 -2 -2 -2 -2 -2 -2 -2 -2 -2 -2 -2 -2 -2 -2 -2 -2 -2 -2 -2 -2 -2 -2 -2 -2 -2 -2 -2 -2 -2 -2 -2 -2 -2 -2 -2 -2 -2 -2 -2 -2 -2 -2 -2 -2 -2 -2 -2 -2 -2 -2 -2 -2 -2 -2 -2 -2 -2 -2 -2 -2 -2 -2 -2 -2 -2 -2 -2 -2 -2 -2 -2 -2 -2 -2 -2 -2 -2 -2 -2 -2 -2 -2 -2 -2 -2 -2 -2 -2 -2 -2 -2 -2 -2 -2 -2 -2 -2 -2 -2 -2 -2 -2 -2 -2 -2 -2 -2 -2 -2 -2 -2 -2 -2 -2 -2 -2 -2 -2 -2 -2 -2 -2 -2 -2 -2 -2 -2 -2 -2 -2 -2 -2
initial_side_indexs 2048 -3 -3 -3 -3 -3 -3 -3 -3 -3 -3 -3 -3 -3 -3 -3 -3 -3 -3 -3 -3 -3 -3 -3 -3 -3 -3 -3 -3 -3 -3 -3 -3 -3 -3 -3 -3 -3 -3 -3 -3 -3 -3 -3 -3 -3 -3 -3 -3 -3 -3 -3 -3 -3 -3 -3 -3 -3 -3 -3 -3 -3 -3 -3 -3 -3 -3 -3 -3 -3 -3 -3 -3 -3 -3 -3 -3 -3 -3 -3 -3 -3 -3 -3 -3 -3 -3 -3 -3 -3 -3 -3 -3 -3 -3 -3 -3 -3 -3 -3 -3 -3 -3 -3 -3 -3 -3 -3 -3 -3 -3 -3 -3 -3 -3 -3 -3 -3 -3 -3 -3 -3 -3 -3 -3 -3 -3 -3 -3 -3 -3 -3 -3 -3 -3 -3 -3 -3 -3 -3 -3 -3 -3 -3 -3 -3 -3 -3 -3 -3 -3 -3 -3 -3 -3 -3 -3 -3 -3 -3 -3 -3 -3 -3 -3 -3 -3 -3 -3 -3 -3 -3 -3 -3 -3 -3 -3 -3 -3 -3 -3 -3 -3 -3 -3 -3 -3 -3 -3 -3 -3 -3 -3 -3 -3 -3 -3 -3 -3 -3 -3 -3 -3 -3 -3 -3 -3 -3 -3 -3 -3 -3 -3 -3 -3 -3 -3 -3 -3 -3 -3 -3 -3 -3 -3 -3 -3 -3 -3 -3 -3 -3 -3 -3 -3 -3 -3 -3 -3 -3 -3 -3 -3 -3 -3 -3 -3 -3 -3 -3 -3 -3 -3 -3 -3 -3 -3 -3 -3 -3 -3 -3 -3 -3 -3 -3 -3 -3 -3 -3 -3 -3 -3 -3 -3 -3 -3 -3 -3 -3 -3 -3 -3 -3 -3 -3 -3 -3 -3 -3 -3 -3 -3 -3 -3 -3 -3 -3 -3 -3 -3 -3 -3 -3 -3 -3 -3 -3 -3 -3 -3 -3 -3 -3 -3 -3 -3 -3 -3 -3 -3 -3 -3 -3 -3 -3 -3 -3 -3 -3 -3 -3 -3 -3 -3 -3 -3 -3 -3 -3 -3 -3 -3 -3 -3 -3 -3 -3 -3 -3 -3 -3 -3 -3 -3 -3 -3 -3 -3 -3 -3 -3 -3 -3 -3 -3 -3 -3 -3 -3 -3 -3 -3 -3 -3 -3 -3 -3 -3 -3 -3 -3 -3 -3 -3 -3 -3 -3 -3 -3 -3 -3 -3 -3 -3 -3 -3 -3 -3 -3 -3 -3 -3 -3 -3 -3 -3 -3 -3 -3 -3 -3 -3 -3 -3 -3 -3 -3 -3 -3 -3 -3 -3 -3 -3 -3 -3 -3 -3 -3 -3 -3 -3 -3 -3 -3 -3 -3 -3 -3 -3 -3 -3 -3 -3 -3 -3 -3 -3 -3 -3 -3 -3 -3 -3 -3 -3 -3 -3 -3 -3 -3 -3 -3 -3 -3 -3 -3 -3 -3 -3 -3 -3 -3 -3 -3 -3 -3 -3 -3 -3 -3 -3 -3 -3 -3 -3 -3 -3 -3 -3 -3 -3 -3 -3 -3 -3 -3 -3 -3 -3 -3 -3 -3 -3 -3 -3 -3 -3 -3 -3 -3 -3 -3 -3 -3 -3 -3 -3 -3 -3 -3 -3 -3 -3 -3 -3 -3 -3 -3 -3 -3 -3 -3 -3 -3 -3 -3 -3 -3 -3 -3 -3 -3 -3 -3 -3 -3 -3 -3 -3 -3 -3 -3 -3 -3 -3 -3 -3 -3 -3 -3 -3 -3 -3 -3 -3 -3 -3 -3 -3 -3 -3 -3 -3 -3 -3 -3 -3 -3 -3 -3 -3 -3 -3 -3 -3 -3 -3 -3 -3 -3 -3 -3 -3 -3 -3 -3 -3 -3 -3 -3 -3 -3 -3 -3 -3 -3 -3 -3 -3 -3 -3 -3 -3 -3 -3 -3 -3 -3 -3 -3 -3 -3 -3 -3 -3 -3 -3 -3 -3 -3 -3 -3 -3 -3 -3 -3 -3 -3 -3 -3 -3 -3 -3 -3 -3 -3 -3 -3 -3 -3 -3 -3 -3 -3 -3 -3 -3 -3 -3 -3 -3 -3 -3 -3 -3 -3 -3 -3 -3 -3 -3 -3 -3 -3 -3 -3 -3 -3 -3 -3 -3 -3 -3 -3 -3 -3 -3 -3 -3 -3 -3 -3 -3 -3 -3 -3 -3 -3 -3 -3 -3 -3 -3 -3 -3 -3 -3 -3 -3 -3 -3 -3 -3 -3 -3 -3 -3 -3 -3 -3 -3 -3 -3 -3 -3 -3 -3 -3 -3 -3 -3 -3 -3 -3 -3 -3 -3 -3 -3 -3 -3 -3 -3 -3 -3 -3 -3 -3 -3 -3 -3 -3 -3 -3 -3 -3 -3 -3 -3 -3 -3 -3 -3 -3 -3 -3 -3 -3 -3 -3 -3 -3 -3 -3 -3 -3 -3 -3 -3 -3 -3 -3 -3 -3 -3 -3 -3 -3 -3 -3 -3 -3 -3 -3 -3 -3 -3 -3 -3 -3 -3 -3 -3 -3 -3 -3 -3 -3 -3 -3 -3 -3 -3 -3 -3 -3 -3 -3 -3 -3 -3 -3 -3 -3 -3 -3 -3 -3 -3 -3 -3 -3 -3 -3 -3 -3 -3 -3 -3 -3 -3 -3 -3 -3 -3 -3 -3 -3 -3 -3 -3 -3 -3 -3 -3 -3 -3 -3 -3 -3 -3 -3 -3 -3 -3 -3 -3 -3 -3 -3 -3 -3 -3 -3 -3 -3 -3 -3 -3 -3 -3 -3 -3 -3 -3 -3 -3 -3 -3 -3 -3 -3 -3 -3 -3 -3 -3 -3 -3 -3 -3 -3 -3 -3 -3 -3 -3 -3 -3 -3 -3 -3 -3 -3 -3 -3 -3 -3 -3 -3 -3 -3 -3 -3 -3 -3 -3 -3 -3 -3 -3 -3 -3 -3 -3 -3 -3 -3 -3 -3 -3 -3 -3 -3 -3 -3 -3 -3 -3 -3 -3 -3 -3 -3 -3 -3 -3 -3 -3 -3 -3 -3 -3 -3 -3 -3 -3 -3 -3 -3 -3 -3 -3 -3 -3 -3 -3 -3 -3 -3 -3 -3 -3 -3 -3 -3 -3 -3 -3 -3 -3 -3 -3 -3 -3 -3 -3 -3 -3 -3 -3 -3 -3 -3 -3 -3 -3 -3 -3 -3 -3 -3 -3 -3 -3 -3 -3 -3 -3 -3 -3 -3 -3 -3 -3 -3 -3 -3 -3 -3 -3 -3 -3 -3 -3 -3 -3 -3 -3 -3 -3 -3 -3 -3 -3 -3 -3 -3 -3 -3 -3 -3 -3 -3 -3 -3 -3 -3 -3 -3 -3 -3 -3 -3 -3 -3 -3 -3 -3 -3 -3 -3 -3 -3 -3 -3 -3 -3 -3 -3 -3 -3 -3 -3 -3 -3 -3 -3 -3 -3 -3 -3 -3 -3 -3 -3 -3 -3 -3 -3 -3 -3 -3 -3 -3 -3 -3 -3 -3 -3 -3 -3 -3 -3 -3 -3 -3 -3 -3 -3 -3 -3 -3 -3 -3 -3 -3 -3 -3 -3 -3 -3 -3 -3 -3 -3 -3 -3 -3 -3 -3 -3 -3 -3 -3 -3 -3 -3 -3 -3 -3 -3 -3 -3 -3 -3 -3 -3 -3 -3 -3 -3 -3 -3 -3 -3 -3 -3 -3 -3 -3 -3 -3 -3 -3 -3 -3 -3 -3 -3 -3 -3 -3 -3 -3 -3 -3 -3 -3 -3 -3 -3 -3 -3 -3 -3 -3 -3 -3 -3 -3 -3 -3 -3 -3 -3 -3 -3 -3 -3 -3 -3 -3 -3 -3 -3 -3 -3 -3 -3 -3 -3 -3 -3 -3 -3 -3 -3 -3 -3 -3 -3 -3 -3 -3 -3 -3 -3 -3 -3 -3 -3 -3 -3 -3 -3 -3 -3 -3 -3 -3 -3 -3 -3 -3 -3 -3 -3 -3 -3 -3 -3 -3 -3 -3 -3 -3 -3 -3 -3 -3 -3 -3 -3 -3 -3 -3 -3 -3 -3 -3 -3 -3 -3 -3 -3 -3 -3 -3 -3 -3 -3 -3 -3 -3 -3 -3 -3 -3 -3 -3 -3 -3 -3 -3 -3 -3 -3 -3 -3 -3 -3 -3 -3 -3 -3 -3 -3 -3 -3 -3 -3 -3 -3 -3 -3 -3 -3 -3 -3 -3 -3 -3 -3 -3 -3 -3 -3 -3 -3 -3 -3 -3 -3 -3 -3 -3 -3 -3 -3 -3 -3 -3 -3 -3 -3 -3 -3 -3 -3 -3 -3 -3 -3 -3 -3 -3 -3 -3 -3 -3 -3 -3 -3 -3 -3 -3 -3 -3 -3 -3 -3 -3 -3 -3 -3 -3 -3 -3 -3 -3 -3 -3 -3 -3 -3 -3 -3 -3 -3 -3 -3 -3 -3 -3 -3 -3 -3 -3 -3 -3 -3 -3 -3 -3 -3 -3 -3 -3 -3 -3 -3 -3 -3 -3 -3 -3 -3 -3 -3 -3 -3 -3 -3 -3 -3 -3 -3 -3 -3 -3 -3 -3 -3 -3 -3 -3 -3 -3 -3 -3 -3 -3 -3 -3 -3 -3 -3 -3 -3 -3 -3 -3 -3 -3 -3 -3 -3 -3 -3 -3 -3 -3 -3 -3 -3 -3 -3 -3 -3 -3 -3 -3 -3 -3 -3 -3 -3 -3 -3 -3 -3 -3 -3 -3 -3 -3 -3 -3 -3 -3 -3 -3 -3 -3 -3 -3 -3 -3 -3 -3 -3 -3 -3 -3 -3 -3 -3 -3 -3 -3 -3 -3 -3 -3 -3 -3 -3 -3 -3 -3 -3 -3 -3 -3 -3 -3 -3 -3 -3 -3 -3 -3 -3 -3 -3 -3 -3 -3 -3 -3 -3 -3 -3 -3 -3 -3 -3 -3 -3 -3 -3 -3 -3 -3 -3 -3 -3 -3 -3 -3 -3 -3 -3 -3 -3 -3 -3 -3 -3 -3 -3 -3 -3 -3 -3 -3 -3 -3 -3 -3 -3 -3 -3 -3 -3 -3 -3 -3 -3 -3 -3 -3 -3 -3 -3 -3 -3 -3 -3 -3 -3 -3 -3 -3 -3 -3 -3 -3 -3 -3 -3 -3 -3 -3 -3 -3 -3 -3 -3 -3 -3 -3 -3 -3 -3 -3 -3 -3 -3 -3 -3 -3 -3 -3 -3 -3 -3 -3 -3 -3 -3 -3 -3 -3 -3 -3 -3 -3 -3 -3 -3 -3 -3 -3 -3 -3 -3 -3 -3 -3 -3 -3 -3 -3 -3 -3 -3 -3 -3 -3 -3 -3 -3 -3 -3 -3 -3 -3 -3 -3 -3 -3 -3 -3 -3 -3 -3 -3 -3 -3 -3 -3 -3 -3 -3 -3 -3 -3 -3 -3 -3 -3 -3 -3 -3 -3 -3 -3 -3 -3 -3 -3 -3 -3 -3 -3 -3 -3 -3 -3 -3 -3 -3 -3 -3 -3 -3 -3 -3 -3 -3 -3 -3 -3 -3 -3 -3 -3 -3 -3 -3 -3 -3 -3 -3 -3 -3 -3 -3 -3 -3 -3 -3 -3 -3 -3 -3 -3 -3 -3 -3 -3 -3 -3 -3 -3 -3 -3 -3 -3 -3 -3 -3 -3 -3 -3 -3 -3 -3 -3 -3 -3 -3 -3 -3 -3 -3 -3 -3 -3 -3 -3 -3 -3 -3 -3 -3 -3 -3 -3 -3 -3 -3 -3 -3 -3 -3 -3 -3 -3 -3 -3 -3 -3 -3 -3 -3 -3 -3 -3 -3 -3 -3 -3 -3 -3 -3 -3 -3 -3 -3 -3 -3 -3 -3 -3 -3 -3 -3 -3 -3 -3 -3 -3 -3 -3 -3 -3 -3 -3 -3 -3 -3 -3 -3 -3 -3 -3 -3 -3 -3 -3 -3 -3 -3 -3 -3 -3 -3 -3 -3 -3 -3 -3 -3 -3 -3 -3 -3 -3 -3 -3 -3 -3 -3 -3 -3 -3 -3 -3 -3 -3 -3 -3 -3 -3 -3 -3 -3 -3 -3 -3 -3 -3 -3 -3 -3 -3 -3 -3 -3 -3 -3 -3 -3 -3 -3 -3 -3 -3 -3 -3 -3 -3 -3 -3 -3 -3 -3 -3 -3 -3 -3 -3 -3 -3 -3 -3 -3 -3 -3 -3 -3 -3 -3 -3 -3 -3 -3 -3 -3 -3 -3 -3 -3 -3 -3 -3 -3 -3 -3 -3 -3 -3 -3 -3 -3 -3 -3 -3 -3 -3 -3 -3 -3 -3 -3 -3 -3 -3 -3 -3 -3 -3 -3 -3 -3 -3 -3 -3 -3 -3 -3 -3 -3 -3 -3 -3 -3 -3 -3 -3 -3 -3 -3 -3 -3 -3 -3 -3 -3 -3 -3 -3 -3 -3 -3 -3 -3 -3 -3 -3 -3 -3 -3 -3 -3 -3 -3 -3 -3 -3 -3 -3 -3 -3
initial_output_scores 16 -999 -999 -999 -999 -999 -999 -999 -999 -999 -999 -999 -999 -999 -999 -999 -999
initial_output_tokens 16 -999 -999 -999 -999 -999 -999 -999 -999 -999 -999 -999 -999 -999 -999 -999 -999
initial_work_scores 144 -123 -123 -123 -123 -123 -123 -123 -123 -123 -123 -123 -123 -123 -123 -123 -123 -123 -123 -123 -123 -123 -123 -123 -123 -123 -123 -123 -123 -123 -123 -123 -123 -123 -123 -123 -123 -123 -123 -123 -123 -123 -123 -123 -123 -123 -123 -123 -123 -123 -123 -123 -123 -123 -123 -123 -123 -123 -123 -123 -123 -123 -123 -123 -123 -123 -123 -123 -123 -123 -123 -123 -123 -123 -123 -123 -123 -123 -123 -123 -123 -123 -123 -123 -123 -123 -123 -123 -123 -123 -123 -123 -123 -123 -123 -123 -123 -123 -123 -123 -123 -123 -123 -123 -123 -123 -123 -123 -123 -123 -123 -123 -123 -123 -123 -123 -123 -123 -123 -123 -123 -123 -123 -123 -123 -123 -123 -123 -123 -123 -123 -123 -123 -123 -123 -123 -123 -123 -123 -123 -123 -123 -123 -123 -123
initial_sort_scores 128 2.5 2.4900000095367432 2.4800000190734863 2.4700000286102295 2.4600000381469727 2.4500000476837158 2.440000057220459 2.4300000667572021 2.4200000762939453 2.4100000858306885 2.4000000953674316 2.3900001049041748 2.380000114440918 2.369999885559082 2.3599998950958252 2.3499999046325684 2.3399999141693115 2.3299999237060547 2.3199999332427979 2.309999942779541 2.2999999523162842 -1234 -1234 -1234 -1234 -1234 -1234 -1234 -1234 -1234 -1234 -1234 -1234 -1234 -1234 -1234 -1234 -1234 -1234 -1234 -1234 -1234 -1234 -1234 -1234 -1234 -1234 -1234 -1234 -1234 -1234 -1234 -1234 -1234 -1234 -1234 -1234 -1234 -1234 -1234 -1234 -1234 -1234 -1234 2.4000000953674316 2.3900001049041748 2.380000114440918 2.369999885559082 2.3599998950958252 2.3499999046325684 2.3399999141693115 2.3299999237060547 2.3199999332427979 2.309999942779541 2.2999999523162842 2.2899999618530273 2.2799999713897705 2.2699999809265137 2.2599999904632568 2.25 2.2400000095367432 2.2300000190734863 2.2200000286102295 2.2100000381469727 2.2000000476837158 -1234 -1234 -1234 -1234 -1234 -1234 -1234 -1234 -1234 -1234 -1234 -1234 -1234 -1234 -1234 -1234 -1234 -1234 -1234 -1234 -1234 -1234 -1234 -1234 -1234 -1234 -1234 -1234 -1234 -1234 -1234 -1234 -1234 -1234 -1234 -1234 -1234 -1234 -1234 -1234 -1234 -1234 -1234
initial_output_tree_mask 1040 1 0 0 1 0 0 1 0 0 1 0 0 1 0 0 1 0 0 1 0 0 1 0 0 1 0 0 1 0 0 1 0 0 1 0 0 1 0 0 1 0 0 1 0 0 1 0 0 1 0 0 1 0 0 1 0 0 1 0 0 1 0 0 1 0 0 1 0 0 1 0 0 1 0 0 1 0 0 1 0 0 1 0 0 1 0 0 1 0 0 1 0 0 1 0 0 1 0 0 1 0 0 1 0 0 1 0 0 1 0 0 1 0 0 1 0 0 1 0 0 1 0 0 1 0 0 1 0 0 1 0 0 1 0 0 1 0 0 1 0 0 1 0 0 1 0 0 1 0 0 1 0 0 1 0 0 1 0 0 1 0 0 1 0 0 1 0 0 1 0 0 1 0 0 1 0 0 1 0 0 1 0 0 1 0 0 1 0 0 1 0 0 1 0 0 1 0 0 1 0 0 1 0 0 1 0 0 1 0 0 1 0 0 1 0 0 1 0 0 1 0 0 1 0 0 1 0 0 1 0 0 1 0 0 1 0 0 1 0 0 1 0 0 1 0 0 1 0 0 1 0 0 1 0 0 1 0 0 1 0 0 1 0 0 1 0 0 1 0 0 1 0 0 1 0 0 1 0 0 1 0 0 1 0 0 1 0 0 1 0 0 1 0 0 1 0 0 1 0 0 1 0 0 1 0 0 1 0 0 1 0 0 1 0 0 1 0 0 1 0 0 1 0 0 1 0 0 1 0 0 1 0 0 1 0 0 1 0 0 1 0 0 1 0 0 1 0 0 1 0 0 1 0 0 1 0 0 1 0 0 1 0 0 1 0 0 1 0 0 1 0 0 1 0 0 1 0 0 1 0 0 1 0 0 1 0 0 1 0 0 1 0 0 1 0 0 1 0 0 1 0 0 1 0 0 1 0 0 1 0 0 1 0 0 1 0 0 1 0 0 1 0 0 1 0 0 1 0 0 1 0 0 1 0 0 1 0 0 1 0 0 1 0 0 1 0 0 1 0 0 1 0 0 1 0 0 1 0 0 1 0 0 1 0 0 1 0 0 1 0 0 1 0 0 1 0 0 1 0 0 1 0 0 1 0 0 1 0 0 1 0 0 1 0 0 1 0 0 1 0 0 1 0 0 1 0 0 1 0 0 1 0 0 1 0 0 1 0 0 1 0 0 1 0 0 1 0 0 1 0 0 1 0 0 1 0 0 1 0 0 1 0 0 1 0 0 1 0 0 1 0 0 1 0 0 1 0 0 1 0 0 1 0 0 1 0 0 1 0 0 1 0 0 1 0 0 1 0 0 1 0 0 1 0 0 1 0 0 1 0 0 1 0 0 1 0 0 1 0 0 1 0 0 1 0 0 1 0 0 1 0 0 1 0 0 1 0 0 1 0 0 1 0 0 1 0 0 1 0 0 1 0 0 1 0 0 1 0 0 1 0 0 1 0 0 1 0 0 1 0 0 1 0 0 1 0 0 1 0 0 1 0 0 1 0 0 1 0 0 1 0 0 1 0 0 1 0 0 1 0 0 1 0 0 1 0 0 1 0 0 1 0 0 1 0 0 1 0 0 1 0 0 1 0 0 1 0 0 1 0 0 1 0 0 1 0 0 1 0 0 1 0 0 1 0 0 1 0 0 1 0 0 1 0 0 1 0 0 1 0 0 1 0 0 1 0 0 1 0 0 1 0 0 1 0 0 1 0 0 1 0 0 1 0 0 1 0 0 1 0 0 1 0 0 1 0 0 1 0 0 1 0 0 1 0 0 1 0 0 1 0 0 1 0 0 1 0 0 1 0 0 1 0 0 1 0 0 1 0 0 1 0 0 1 0 0 1 0 0 1 0 0 1 0 0 1 0 0 1 0 0 1 0 0 1 0 0 1 0 0 1 0 0 1 0 0 1 0 0 1 0 0 1 0 0 1 0 0 1 0 0 1 0 0 1 0 0 1 0 0 1 0 0 1 0 0 1 0 0 1 0 0 1 0 0 1 0 0 1 0 0 1 0 0 1 0 0 1 0 0 1 0 0 1 0 0 1 0 0 1 0 0 1 0 0 1 0 0 1 0 0 1 0 0 1 0 0 1 0 0 1 0 0 1 0 0 1 0 0 1 0 0 1 0 0 1 0 0 1 0 0 1 0 0 1 0 0 1 0 0 1 0 0 1 0 0 1 0 0 1 0 0 1 0 0 1 0 0 1 0 0 1 0 0 1 0 0 1 0 0 1 0 0 1 0 0 1 0 0 1 0 0 1 0 0 1 0 0 1 0 0 1 0 0 1 0 0 1 0 0 1 0 0 1 0 0 1 0 0 1 0 0 1 0 0 1 0 0 1 0
expected_cumu_tokens 2048 -777 -777 -777 -777 -777 -777 -777 -777 -777 -777 -777 -777 -777 -777 -777 -777 -777 -777 -777 -777 -777 7733 7775 7081 5357 1797 5876 3830 7866 1433 3018 7239 5558 2487 1926 6534 4743 2429 2025 332 5676 5818 148 6416 2670 3344 295 6261 5228 3453 8144 4624 3741 2947 3754 2012 7837 667 6106 7072 7376 2612 7770 4219 5160 7401 350 5776 121 2649 7575 2508 3344 1001 2255 7778 3843 6136 5309 3417 683 1474 2660 4073 2485 -777 -777 -777 -777 -777 -777 -777 -777 -777 -777 -777 -777 -777 -777 -777 -777 -777 -777 -777 -777 -777 -777 -777 -777 -777 -777 -777 -777 -777 -777 -777 -777 -777 -777 -777 -777 -777 -777 -777 -777 -777 -777 -777 -777 -777 -777 -777 -777 -777 -777 -777 -777 -777 -777 -777 -777 -777 -777 -777 -777 -777 -777 -777 -777 -777 -777 -777 -777 -777 -777 -777 -777 -777 -777 -777 -777 -777 -777 -777 -777 -777 -777 -777 -777 -777 -777 -777 -777 -777 -777 -777 -777 -777 -777 -777 -777 -777 -777 -777 -777 -777 -777 -777 -777 -777 -777 -777 -777 -777 -777 -777 -777 -777 -777 -777 -777 -777 -777 -777 -777 -777 -777 -777 -777 -777 -777 -777 -777 -777 -777 -777 -777 -777 -777 -777 -777 -777 -777 -777 -777 -777 -777 -777 -777 -777 -777 -777 -777 -777 -777 -777 -777 -777 -777 -777 -777 -777 -777 -777 -777 -777 -777 -777 -777 -777 -777 -777 -777 -777 -777 -777 -777 -777 -777 -777 -777 -777 -777 -777 -777 -777 -777 -777 -777 -777 -777 -777 -777 -777 -777 -777 -777 -777 -777 -777 -777 -777 -777 -777 -777 -777 -777 -777 -777 -777 -777 -777 -777 -777 -777 -777 -777 -777 -777 -777 -777 -777 -777 -777 -777 -777 -777 -777 -777 -777 -777 -777 -777 -777 -777 -777 -777 -777 -777 -777 -777 -777 -777 -777 -777 -777 -777 -777 -777 -777 -777 -777 -777 -777 -777 -777 -777 -777 -777 -777 -777 -777 -777 -777 -777 -777 -777 -777 -777 -777 -777 -777 -777 -777 -777 -777 -777 -777 -777 -777 -777 -777 -777 -777 -777 -777 -777 -777 -777 -777 -777 -777 -777 -777 -777 -777 -777 -777 -777 -777 -777 -777 -777 -777 -777 -777 -777 -777 -777 -777 -777 -777 -777 -777 -777 -777 -777 -777 -777 -777 -777 -777 -777 -777 -777 -777 -777 -777 -777 -777 -777 -777 -777 -777 -777 -777 -777 -777 -777 -777 -777 -777 -777 -777 -777 -777 -777 -777 -777 -777 -777 -777 -777 -777 -777 -777 -777 -777 -777 -777 -777 -777 -777 -777 -777 -777 -777 -777 -777 -777 -777 -777 -777 -777 -777 -777 -777 -777 -777 -777 -777 -777 -777 -777 -777 -777 -777 -777 -777 -777 -777 -777 -777 -777 -777 -777 -777 -777 -777 -777 -777 -777 -777 -777 -777 -777 -777 -777 -777 -777 -777 -777 -777 -777 -777 -777 -777 -777 -777 -777 -777 -777 -777 -777 -777 -777 -777 -777 -777 -777 -777 -777 -777 -777 -777 -777 -777 -777 -777 -777 -777 -777 -777 -777 -777 -777 -777 -777 -777 -777 -777 -777 -777 -777 -777 -777 -777 -777 -777 -777 -777 -777 -777 -777 -777 -777 -777 -777 -777 -777 -777 -777 -777 -777 -777 -777 -777 -777 -777 -777 -777 -777 -777 -777 -777 -777 -777 -777 -777 -777 -777 -777 -777 -777 -777 -777 -777 -777 -777 -777 -777 -777 -777 -777 -777 -777 -777 -777 -777 -777 -777 -777 -777 -777 -777 -777 -777 -777 -777 -777 -777 -777 -777 -777 -777 -777 -777 -777 -777 -777 -777 -777 -777 -777 -777 -777 -777 -777 -777 -777 -777 -777 -777 -777 -777 -777 -777 -777 -777 -777 -777 -777 -777 -777 -777 -777 -777 -777 -777 -777 -777 -777 -777 -777 -777 -777 -777 -777 -777 -777 -777 -777 -777 -777 -777 -777 -777 -777 -777 -777 -777 -777 -777 -777 -777 -777 -777 -777 -777 -777 -777 -777 -777 -777 -777 -777 -777 -777 -777 -777 -777 -777 -777 -777 -777 -777 -777 -777 -777 -777 -777 -777 -777 -777 -777 -777 -777 -777 -777 -777 -777 -777 -777 -777 -777 -777 -777 -777 -777 -777 -777 -777 -777 -777 -777 -777 -777 -777 -777 -777 -777 -777 -777 -777 -777 -777 -777 -777 -777 -777 -777 -777 -777 -777 -777 -777 -777 -777 -777 -777 -777 -777 -777 -777 -777 -777 -777 -777 -777 -777 -777 -777 -777 -777 -777 -777 -777 -777 -777 -777 -777 -777 -777 -777 -777 -777 -777 -777 -777 -777 -777 -777 -777 -777 -777 -777 -777 -777 -777 -777 -777 -777 -777 -777 -777 -777 -777 -777 -777 -777 -777 -777 -777 -777 -777 -777 -777 -777 -777 -777 -777 -777 -777 -777 -777 -777 -777 -777 -777 -777 -777 -777 -777 -777 -777 -777 -777 -777 -777 -777 -777 -777 -777 -777 -777 -777 -777 -777 -777 -777 -777 -777 -777 -777 -777 -777 -777 -777 -777 -777 -777 -777 -777 -777 -777 -777 -777 -777 -777 -777 -777 -777 -777 -777 -777 -777 -777 -777 -777 -777 -777 -777 -777 -777 -777 -777 -777 -777 -777 -777 -777 -777 -777 -777 -777 -777 -777 -777 -777 -777 -777 -777 -777 -777 -777 -777 -777 -777 -777 -777 -777 -777 -777 -777 -777 -777 -777 -777 -777 -777 -777 -777 -777 -777 -777 -777 -777 -777 -777 -777 -777 -777 -777 -777 -777 -777 -777 -777 -777 -777 -777 -777 -777 -777 -777 -777 -777 -777 -777 -777 -777 -777 -777 -777 -777 -777 -777 -777 -777 -777 -777 -777 -777 -777 -777 -777 -777 -777 -777 -777 -777 -777 -777 -777 -777 -777 -777 -777 -777 -777 -777 -777 -777 -777 -777 -777 -777 -777 -777 -777 -777 -777 -777 -777 -777 -777 -777 -777 -777 -777 -777 -777 -777 -777 -777 -777 -777 -777 -777 -777 -777 -777 -777 -777 -777 -777 -777 -777 -777 -777 -777 -777 -777 -777 -777 -777 -777 -777 -777 -777 -777 -777 -777 -777 -777 -777 -777 -777 -777 -777 -777 -777 -777 -777 -777 -777 -777 -777 -777 -777 -777 -777 -777 -777 -777 -777 -777 -777 -777 -777 -777 -777 -777 -777 -777 4476 5572 2327 7363 5869 2382 4115 4936 5235 5974 6611 1410 422 339 2470 5521 2002 3634 6261 5323 6907 5019 2186 4058 800 1002 2378 629 4324 4975 6050 6713 3247 7167 2717 6938 429 6630 2563 3583 2779 3432 881 2501 5580 5749 7502 638 5929 461 7747 122 806 5860 1252 7704 6737 4748 1694 3029 1300 974 6210 2619 -777 -777 -777 -777 -777 -777 -777 -777 -777 -777 -777 -777 -777 -777 -777 -777 -777 -777 -777 -777 -777 -777 -777 -777 -777 -777 -777 -777 -777 -777 -777 -777 -777 -777 -777 -777 -777 -777 -777 -777 -777 -777 -777 -777 -777 -777 -777 -777 -777 -777 -777 -777 -777 -777 -777 -777 -777 -777 -777 -777 -777 -777 -777 -777 -777 -777 -777 -777 -777 -777 -777 -777 -777 -777 -777 -777 -777 -777 -777 -777 -777 -777 -777 -777 -777 -777 -777 -777 -777 -777 -777 -777 -777 -777 -777 -777 -777 -777 -777 -777 -777 -777 -777 -777 -777 -777 -777 -777 -777 -777 -777 -777 -777 -777 -777 -777 -777 -777 -777 -777 -777 -777 -777 -777 -777 -777 -777 -777 -777 -777 -777 -777 -777 -777 -777 -777 -777 -777 -777 -777 -777 -777 -777 -777 -777 -777 -777 -777 -777 -777 -777 -777 -777 -777 -777 -777 -777 -777 -777 -777 -777 -777 -777 -777 -777 -777 -777 -777 -777 -777 -777 -777 -777 -777 -777 -777 -777 -777 -777 -777 -777 -777 -777 -777 -777 -777 -777 -777 -777 -777 -777 -777 -777 -777 -777 -777 -777 -777 -777 -777 -777 -777 -777 -777 -777 -777 -777 -777 -777 -777 -777 -777 -777 -777 -777 -777 -777 -777 -777 -777 -777 -777 -777 -777 -777 -777 -777 -777 -777 -777 -777 -777 -777 -777 -777 -777 -777 -777 -777 -777 -777 -777 -777 -777 -777 -777 -777 -777 -777 -777 -777 -777 -777 -777 -777 -777 -777 -777 -777 -777 -777 -777 -777 -777 -777 -777 -777 -777 -777 -777 -777 -777 -777 -777 -777 -777 -777 -777 -777 -777 -777 -777 -777 -777 -777 -777 -777 -777 -777 -777 -777 -777 -777 -777 -777 -777 -777 -777 -777 -777 -777 -777 -777 -777 -777 -777 -777 -777 -777 -777 -777 -777 -777 -777 -777 -777 -777 -777 -777 -777 -777 -777 -777 -777 -777 -777 -777 -777 -777 -777 -777 -777 -777 -777 -777 -777 -777 -777 -777 -777 -777 -777 -777 -777 -777 -777 -777 -777 -777 -777 -777 -777 -777 -777 -777 -777 -777 -777 -777 -777 -777 -777 -777 -777 -777 -777 -777 -777 -777 -777 -777 -777 -777 -777 -777 -777 -777 -777 -777 -777 -777 -777 -777 -777 -777 -777 -777 -777 -777 -777 -777 -777 -777 -777 -777 -777 -777 -777 -777 -777 -777 -777 -777 -777 -777 -777 -777 -777 -777 -777 -777 -777 -777 -777 -777 -777 -777 -777 -777 -777 -777 -777 -777 -777 -777 -777 -777 -777 -777 -777 -777 -777 -777 -777 -777 -777 -777 -777 -777 -777 -777 -777 -777 -777 -777 -777 -777 -777 -777 -777 -777 -777 -777 -777 -777 -777 -777 -777 -777 -777 -777 -777 -777 -777 -777 -777 -777 -777 -777 -777 -777 -777 -777 -777 -777 -777 -777 -777 -777 -777 -777 -777 -777 -777 -777 -777 -777 -777 -777 -777 -777 -777 -777 -777 -777 -777 -777 -777 -777 -777 -777 -777 -777 -777 -777 -777 -777 -777 -777 -777 -777 -777 -777 -777 -777 -777 -777 -777 -777 -777 -777 -777 -777 -777 -777 -777 -777 -777 -777 -777 -777 -777 -777 -777 -777 -777 -777 -777 -777 -777 -777 -777 -777 -777 -777 -777 -777 -777 -777 -777 -777 -777 -777 -777 -777 -777 -777 -777 -777 -777 -777 -777 -777 -777 -777 -777 -777 -777 -777 -777 -777 -777 -777 -777 -777 -777 -777 -777 -777 -777 -777 -777 -777 -777 -777 -777 -777 -777 -777 -777 -777 -777 -777 -777 -777 -777 -777 -777 -777 -777 -777 -777 -777 -777 -777 -777 -777 -777 -777 -777 -777 -777 -777 -777 -777 -777 -777 -777 -777 -777 -777 -777 -777 -777 -777 -777 -777 -777 -777 -777 -777 -777 -777 -777 -777 -777 -777 -777 -777 -777 -777 -777 -777 -777 -777 -777 -777 -777 -777 -777 -777 -777 -777 -777 -777 -777 -777 -777 -777 -777 -777 -777 -777 -777 -777 -777 -777 -777 -777 -777 -777 -777 -777 -777 -777 -777 -777 -777 -777 -777 -777 -777 -777 -777 -777 -777 -777 -777 -777 -777 -777 -777 -777 -777 -777 -777 -777 -777 -777 -777 -777 -777 -777 -777 -777 -777 -777 -777 -777 -777 -777 -777 -777 -777 -777 -777 -777 -777 -777 -777 -777 -777 -777 -777 -777 -777 -777 -777 -777 -777 -777 -777 -777 -777 -777 -777 -777 -777 -777 -777 -777 -777 -777 -777 -777 -777 -777 -777 -777 -777 -777 -777 -777 -777 -777 -777 -777 -777 -777 -777 -777 -777 -777 -777 -777 -777 -777 -777 -777 -777 -777 -777 -777 -777 -777 -777 -777 -777 -777 -777 -777 -777 -777 -777 -777 -777 -777 -777 -777 -777 -777 -777 -777 -777 -777 -777 -777 -777 -777 -777 -777 -777 -777 -777 -777 -777 -777 -777 -777 -777 -777 -777 -777 -777 -777 -777 -777 -777 -777 -777 -777 -777 -777 -777 -777 -777 -777 -777 -777 -777 -777 -777 -777 -777 -777 -777 -777 -777 -777 -777 -777 -777 -777 -777 -777 -777 -777 -777 -777 -777 -777 -777 -777 -777 -777 -777 -777 -777 -777 -777 -777 -777 -777 -777 -777 -777 -777 -777 -777 -777 -777 -777 -777 -777 -777 -777 -777 -777 -777 -777 -777 -777 -777 -777 -777 -777 -777 -777 -777 -777 -777 -777 -777 -777 -777 -777 -777 -777 -777 -777 -777 -777 -777 -777 -777 -777 -777 -777 -777 -777 -777 -777 -777 -777 -777 -777 -777 -777 -777 -777 -777 -777 -777 -777 -777 -777 -777 -777 -777 -777 -777 -777 -777 -777 -777 -777 -777 -777 -777
expected_cumu_scores 2048 -3 -3 -3 -3 -3 -3 -3 -3 -3 -3 -3 -3 -3 -3 -3 -3 -3 -3 -3 -3 -3 0.12719522416591644 0.81665462255477905 0.5439448356628418 0.66001302003860474 0.27202850580215454 0.97357285022735596 0.39029550552368164 0.33941337466239929 0.5450674295425415 0.73112088441848755 0.38639867305755615 0.59582579135894775 0.75775653123855591 0.21257218718528748 0.71972489356994629 0.98439693450927734 0.55176514387130737 0.098042488098144531 0.058180436491966248 0.58383393287658691 0.10827313363552094 0.94600629806518555 0.31700238585472107 0.83276373147964478 0.66753995418548584 0.28861796855926514 0.90211504697799683 0.81144636869430542 0.17841760814189911 0.95326626300811768 0.14863446354866028 0.38814827799797058 0.79759252071380615 0.17520694434642792 0.57768160104751587 0.1949189305305481 0.84977936744689941 0.31242799758911133 0.21556077897548676 0.038268409669399261 0.49336567521095276 0.31378650665283203 0.31210869550704956 0.56637394428253174 0.12661939859390259 0.70964294672012329 0.0040015336126089096 0.51467877626419067 0.281036376953125 0.44410333037376404 0.091522075235843658 0.33216717839241028 0.3983636200428009 0.98801982402801514 0.093573682010173798 0.30662927031517029 0.052296385169029236 0.21616746485233307 0.030743163079023361 0.46016067266464233 0.10478954762220383 0.1428988128900528 0.74575847387313843 0.54632866382598877 -3 -3 -3 -3 -3 -3 -3 -3 -3 -3 -3 -3 -3 -3 -3 -3 -3 -3 -3 -3 -3 -3 -3 -3 -3 -3 -3 -3 -3 -3 -3 -3 -3 -3 -3 -3 -3 -3 -3 -3 -3 -3 -3 -3 -3 -3 -3 -3 -3 -3 -3 -3 -3 -3 -3 -3 -3 -3 -3 -3 -3 -3 -3 -3 -3 -3 -3 -3 -3 -3 -3 -3 -3 -3 -3 -3 -3 -3 -3 -3 -3 -3 -3 -3 -3 -3 -3 -3 -3 -3 -3 -3 -3 -3 -3 -3 -3 -3 -3 -3 -3 -3 -3 -3 -3 -3 -3 -3 -3 -3 -3 -3 -3 -3 -3 -3 -3 -3 -3 -3 -3 -3 -3 -3 -3 -3 -3 -3 -3 -3 -3 -3 -3 -3 -3 -3 -3 -3 -3 -3 -3 -3 -3 -3 -3 -3 -3 -3 -3 -3 -3 -3 -3 -3 -3 -3 -3 -3 -3 -3 -3 -3 -3 -3 -3 -3 -3 -3 -3 -3 -3 -3 -3 -3 -3 -3 -3 -3 -3 -3 -3 -3 -3 -3 -3 -3 -3 -3 -3 -3 -3 -3 -3 -3 -3 -3 -3 -3 -3 -3 -3 -3 -3 -3 -3 -3 -3 -3 -3 -3 -3 -3 -3 -3 -3 -3 -3 -3 -3 -3 -3 -3 -3 -3 -3 -3 -3 -3 -3 -3 -3 -3 -3 -3 -3 -3 -3 -3 -3 -3 -3 -3 -3 -3 -3 -3 -3 -3 -3 -3 -3 -3 -3 -3 -3 -3 -3 -3 -3 -3 -3 -3 -3 -3 -3 -3 -3 -3 -3 -3 -3 -3 -3 -3 -3 -3 -3 -3 -3 -3 -3 -3 -3 -3 -3 -3 -3 -3 -3 -3 -3 -3 -3 -3 -3 -3 -3 -3 -3 -3 -3 -3 -3 -3 -3 -3 -3 -3 -3 -3 -3 -3 -3 -3 -3 -3 -3 -3 -3 -3 -3 -3 -3 -3 -3 -3 -3 -3 -3 -3 -3 -3 -3 -3 -3 -3 -3 -3 -3 -3 -3 -3 -3 -3 -3 -3 -3 -3 -3 -3 -3 -3 -3 -3 -3 -3 -3 -3 -3 -3 -3 -3 -3 -3 -3 -3 -3 -3 -3 -3 -3 -3 -3 -3 -3 -3 -3 -3 -3 -3 -3 -3 -3 -3 -3 -3 -3 -3 -3 -3 -3 -3 -3 -3 -3 -3 -3 -3 -3 -3 -3 -3 -3 -3 -3 -3 -3 -3 -3 -3 -3 -3 -3 -3 -3 -3 -3 -3 -3 -3 -3 -3 -3 -3 -3 -3 -3 -3 -3 -3 -3 -3 -3 -3 -3 -3 -3 -3 -3 -3 -3 -3 -3 -3 -3 -3 -3 -3 -3 -3 -3 -3 -3 -3 -3 -3 -3 -3 -3 -3 -3 -3 -3 -3 -3 -3 -3 -3 -3 -3 -3 -3 -3 -3 -3 -3 -3 -3 -3 -3 -3 -3 -3 -3 -3 -3 -3 -3 -3 -3 -3 -3 -3 -3 -3 -3 -3 -3 -3 -3 -3 -3 -3 -3 -3 -3 -3 -3 -3 -3 -3 -3 -3 -3 -3 -3 -3 -3 -3 -3 -3 -3 -3 -3 -3 -3 -3 -3 -3 -3 -3 -3 -3 -3 -3 -3 -3 -3 -3 -3 -3 -3 -3 -3 -3 -3 -3 -3 -3 -3 -3 -3 -3 -3 -3 -3 -3 -3 -3 -3 -3 -3 -3 -3 -3 -3 -3 -3 -3 -3 -3 -3 -3 -3 -3 -3 -3 -3 -3 -3 -3 -3 -3 -3 -3 -3 -3 -3 -3 -3 -3 -3 -3 -3 -3 -3 -3 -3 -3 -3 -3 -3 -3 -3 -3 -3 -3 -3 -3 -3 -3 -3 -3 -3 -3 -3 -3 -3 -3 -3 -3 -3 -3 -3 -3 -3 -3 -3 -3 -3 -3 -3 -3 -3 -3 -3 -3 -3 -3 -3 -3 -3 -3 -3 -3 -3 -3 -3 -3 -3 -3 -3 -3 -3 -3 -3 -3 -3 -3 -3 -3 -3 -3 -3 -3 -3 -3 -3 -3 -3 -3 -3 -3 -3 -3 -3 -3 -3 -3 -3 -3 -3 -3 -3 -3 -3 -3 -3 -3 -3 -3 -3 -3 -3 -3 -3 -3 -3 -3 -3 -3 -3 -3 -3 -3 -3 -3 -3 -3 -3 -3 -3 -3 -3 -3 -3 -3 -3 -3 -3 -3 -3 -3 -3 -3 -3 -3 -3 -3 -3 -3 -3 -3 -3 -3 -3 -3 -3 -3 -3 -3 -3 -3 -3 -3 -3 -3 -3 -3 -3 -3 -3 -3 -3 -3 -3 -3 -3 -3 -3 -3 -3 -3 -3 -3 -3 -3 -3 -3 -3 -3 -3 -3 -3 -3 -3 -3 -3 -3 -3 -3 -3 -3 -3 -3 -3 -3 -3 -3 -3 -3 -3 -3 -3 -3 -3 -3 -3 -3 -3 -3 -3 -3 -3 -3 -3 -3 -3 -3 -3 -3 -3 -3 -3 -3 -3 -3 -3 -3 -3 -3 -3 -3 -3 -3 -3 -3 -3 -3 -3 -3 -3 -3 -3 -3 -3 -3 -3 -3 -3 -3 -3 -3 -3 -3 -3 -3 -3 -3 -3 -3 -3 -3 -3 -3 -3 -3 -3 -3 -3 -3 -3 -3 -3 -3 -3 -3 -3 -3 -3 -3 -3 -3 -3 -3 -3 -3 -3 -3 -3 -3 -3 -3 -3 -3 -3 -3 -3 -3 -3 -3 -3 -3 -3 -3 -3 -3 -3 -3 -3 -3 -3 -3 -3 -3 -3 -3 -3 -3 -3 -3 -3 -3 -3 -3 -3 -3 -3 -3 -3 -3 -3 -3 -3 -3 -3 -3 -3 -3 -3 -3 -3 -3 -3 -3 -3 -3 -3 -3 -3 -3 -3 -3 -3 -3 -3 -3 -3 -3 -3 -3 -3 -3 -3 -3 -3 -3 -3 -3 -3 0.6943543553352356 0.80871206521987915 0.29451930522918701 0.86467897891998291 0.16876481473445892 0.35341039299964905 0.37051886320114136 0.56741458177566528 0.95940178632736206 0.64513099193572998 0.77081888914108276 0.22977514564990997 0.15102319419384003 0.24247947335243225 0.88183712959289551 0.58663201332092285 0.10698686540126801 0.65509748458862305 0.20618677139282227 0.38136553764343262 0.6592908501625061 0.42491382360458374 0.46223369240760803 0.72095054388046265 0.94957524538040161 0.3175513744354248 0.16931469738483429 0.54729187488555908 0.42237573862075806 0.82137221097946167 0.6749190092086792 0.68337178230285645 0.014368494041264057 0.073423035442829132 0.54729288816452026 0.56749218702316284 0.32785728573799133 0.35530740022659302 0.098849251866340637 0.78764575719833374 0.18291184306144714 0.40376859903335571 0.6455426812171936 0.54091554880142212 0.48246145248413086 0.80726176500320435 0.59644734859466553 0.19981174170970917 0.021332122385501862 0.45780077576637268 0.33197590708732605 0.45737719535827637 0.92158985137939453 0.1174003854393959 0.90443652868270874 0.68342936038970947 0.90719699859619141 0.23618181049823761 0.74751543998718262 0.61689472198486328 0.60616755485534668 0.39723166823387146 0.024389440193772316 0.76864838600158691 -3 -3 -3 -3 -3 -3 -3 -3 -3 -3 -3 -3 -3 -3 -3 -3 -3 -3 -3 -3 -3 -3 -3 -3 -3 -3 -3 -3 -3 -3 -3 -3 -3 -3 -3 -3 -3 -3 -3 -3 -3 -3 -3 -3 -3 -3 -3 -3 -3 -3 -3 -3 -3 -3 -3 -3 -3 -3 -3 -3 -3 -3 -3 -3 -3 -3 -3 -3 -3 -3 -3 -3 -3 -3 -3 -3 -3 -3 -3 -3 -3 -3 -3 -3 -3 -3 -3 -3 -3 -3 -3 -3 -3 -3 -3 -3 -3 -3 -3 -3 -3 -3 -3 -3 -3 -3 -3 -3 -3 -3 -3 -3 -3 -3 -3 -3 -3 -3 -3 -3 -3 -3 -3 -3 -3 -3 -3 -3 -3 -3 -3 -3 -3 -3 -3 -3 -3 -3 -3 -3 -3 -3 -3 -3 -3 -3 -3 -3 -3 -3 -3 -3 -3 -3 -3 -3 -3 -3 -3 -3 -3 -3 -3 -3 -3 -3 -3 -3 -3 -3 -3 -3 -3 -3 -3 -3 -3 -3 -3 -3 -3 -3 -3 -3 -3 -3 -3 -3 -3 -3 -3 -3 -3 -3 -3 -3 -3 -3 -3 -3 -3 -3 -3 -3 -3 -3 -3 -3 -3 -3 -3 -3 -3 -3 -3 -3 -3 -3 -3 -3 -3 -3 -3 -3 -3 -3 -3 -3 -3 -3 -3 -3 -3 -3 -3 -3 -3 -3 -3 -3 -3 -3 -3 -3 -3 -3 -3 -3 -3 -3 -3 -3 -3 -3 -3 -3 -3 -3 -3 -3 -3 -3 -3 -3 -3 -3 -3 -3 -3 -3 -3 -3 -3 -3 -3 -3 -3 -3 -3 -3 -3 -3 -3 -3 -3 -3 -3 -3 -3 -3 -3 -3 -3 -3 -3 -3 -3 -3 -3 -3 -3 -3 -3 -3 -3 -3 -3 -3 -3 -3 -3 -3 -3 -3 -3 -3 -3 -3 -3 -3 -3 -3 -3 -3 -3 -3 -3 -3 -3 -3 -3 -3 -3 -3 -3 -3 -3 -3 -3 -3 -3 -3 -3 -3 -3 -3 -3 -3 -3 -3 -3 -3 -3 -3 -3 -3 -3 -3 -3 -3 -3 -3 -3 -3 -3 -3 -3 -3 -3 -3 -3 -3 -3 -3 -3 -3 -3 -3 -3 -3 -3 -3 -3 -3 -3 -3 -3 -3 -3 -3 -3 -3 -3 -3 -3 -3 -3 -3 -3 -3 -3 -3 -3 -3 -3 -3 -3 -3 -3 -3 -3 -3 -3 -3 -3 -3 -3 -3 -3 -3 -3 -3 -3 -3 -3 -3 -3 -3 -3 -3 -3 -3 -3 -3 -3 -3 -3 -3 -3 -3 -3 -3 -3 -3 -3 -3 -3 -3 -3 -3 -3 -3 -3 -3 -3 -3 -3 -3 -3 -3 -3 -3 -3 -3 -3 -3 -3 -3 -3 -3 -3 -3 -3 -3 -3 -3 -3 -3 -3 -3 -3 -3 -3 -3 -3 -3 -3 -3 -3 -3 -3 -3 -3 -3 -3 -3 -3 -3 -3 -3 -3 -3 -3 -3 -3 -3 -3 -3 -3 -3 -3 -3 -3 -3 -3 -3 -3 -3 -3 -3 -3 -3 -3 -3 -3 -3 -3 -3 -3 -3 -3 -3 -3 -3 -3 -3 -3 -3 -3 -3 -3 -3 -3 -3 -3 -3 -3 -3 -3 -3 -3 -3 -3 -3 -3 -3 -3 -3 -3 -3 -3 -3 -3 -3 -3 -3 -3 -3 -3 -3 -3 -3 -3 -3 -3 -3 -3 -3 -3 -3 -3 -3 -3 -3 -3 -3 -3 -3 -3 -3 -3 -3 -3 -3 -3 -3 -3 -3 -3 -3 -3 -3 -3 -3 -3 -3 -3 -3 -3 -3 -3 -3 -3 -3 -3 -3 -3 -3 -3 -3 -3 -3 -3 -3 -3 -3 -3 -3 -3 -3 -3 -3 -3 -3 -3 -3 -3 -3 -3 -3 -3 -3 -3 -3 -3 -3 -3 -3 -3 -3 -3 -3 -3 -3 -3 -3 -3 -3 -3 -3 -3 -3 -3 -3 -3 -3 -3 -3 -3 -3 -3 -3 -3 -3 -3 -3 -3 -3 -3 -3 -3 -3 -3 -3 -3 -3 -3 -3 -3 -3 -3 -3 -3 -3 -3 -3 -3 -3 -3 -3 -3 -3 -3 -3 -3 -3 -3 -3 -3 -3 -3 -3 -3 -3 -3 -3 -3 -3 -3 -3 -3 -3 -3 -3 -3 -3 -3 -3 -3 -3 -3 -3 -3 -3 -3 -3 -3 -3 -3 -3 -3 -3 -3 -3 -3 -3 -3 -3 -3 -3 -3 -3 -3 -3 -3 -3 -3 -3 -3 -3 -3 -3 -3 -3 -3 -3 -3 -3 -3 -3 -3 -3 -3 -3 -3 -3 -3 -3 -3 -3 -3 -3 -3 -3 -3 -3 -3 -3 -3 -3 -3 -3 -3 -3 -3 -3 -3 -3 -3 -3 -3 -3 -3 -3 -3 -3 -3 -3 -3 -3 -3 -3 -3 -3 -3 -3 -3 -3 -3 -3 -3 -3 -3 -3 -3 -3 -3 -3 -3 -3 -3 -3 -3 -3 -3 -3 -3 -3 -3 -3 -3 -3 -3 -3 -3 -3 -3 -3 -3 -3 -3 -3 -3 -3 -3 -3 -3 -3 -3 -3 -3 -3 -3 -3 -3 -3 -3 -3 -3 -3 -3 -3 -3 -3 -3 -3 -3 -3 -3 -3 -3 -3 -3 -3 -3 -3 -3 -3 -3 -3 -3 -3 -3 -3 -3 -3 -3 -3 -3 -3 -3 -3 -3 -3 -3 -3 -3 -3 -3 -3 -3 -3 -3 -3 -3 -3 -3 -3 -3 -3 -3 -3 -3 -3 -3 -3 -3 -3 -3 -3 -3 -3 -3 -3 -3 -3 -3 -3 -3
expected_cumu_deltas 2048 -1 -1 -1 -1 -1 -1 -1 -1 -1 -1 -1 -1 -1 -1 -1 -1 -1 -1 -1 -1 -1 3 3 3 3 3 3 3 3 3 3 3 3 3 3 3 3 3 3 3 3 3 3 3 3 3 3 3 3 3 3 3 3 3 3 3 3 3 3 3 3 3 3 3 3 3 3 3 3 3 3 3 3 3 3 3 3 3 3 3 3 3 3 3 3 -1 -1 -1 -1 -1 -1 -1 -1 -1 -1 -1 -1 -1 -1 -1 -1 -1 -1 -1 -1 -1 -1 -1 -1 -1 -1 -1 -1 -1 -1 -1 -1 -1 -1 -1 -1 -1 -1 -1 -1 -1 -1 -1 -1 -1 -1 -1 -1 -1 -1 -1 -1 -1 -1 -1 -1 -1 -1 -1 -1 -1 -1 -1 -1 -1 -1 -1 -1 -1 -1 -1 -1 -1 -1 -1 -1 -1 -1 -1 -1 -1 -1 -1 -1 -1 -1 -1 -1 -1 -1 -1 -1 -1 -1 -1 -1 -1 -1 -1 -1 -1 -1 -1 -1 -1 -1 -1 -1 -1 -1 -1 -1 -1 -1 -1 -1 -1 -1 -1 -1 -1 -1 -1 -1 -1 -1 -1 -1 -1 -1 -1 -1 -1 -1 -1 -1 -1 -1 -1 -1 -1 -1 -1 -1 -1 -1 -1 -1 -1 -1 -1 -1 -1 -1 -1 -1 -1 -1 -1 -1 -1 -1 -1 -1 -1 -1 -1 -1 -1 -1 -1 -1 -1 -1 -1 -1 -1 -1 -1 -1 -1 -1 -1 -1 -1 -1 -1 -1 -1 -1 -1 -1 -1 -1 -1 -1 -1 -1 -1 -1 -1 -1 -1 -1 -1 -1 -1 -1 -1 -1 -1 -1 -1 -1 -1 -1 -1 -1 -1 -1 -1 -1 -1 -1 -1 -1 -1 -1 -1 -1 -1 -1 -1 -1 -1 -1 -1 -1 -1 -1 -1 -1 -1 -1 -1 -1 -1 -1 -1 -1 -1 -1 -1 -1 -1 -1 -1 -1 -1 -1 -1 -1 -1 -1 -1 -1 -1 -1 -1 -1 -1 -1 -1 -1 -1 -1 -1 -1 -1 -1 -1 -1 -1 -1 -1 -1 -1 -1 -1 -1 -1 -1 -1 -1 -1 -1 -1 -1 -1 -1 -1 -1 -1 -1 -1 -1 -1 -1 -1 -1 -1 -1 -1 -1 -1 -1 -1 -1 -1 -1 -1 -1 -1 -1 -1 -1 -1 -1 -1 -1 -1 -1 -1 -1 -1 -1 -1 -1 -1 -1 -1 -1 -1 -1 -1 -1 -1 -1 -1 -1 -1 -1 -1 -1 -1 -1 -1 -1 -1 -1 -1 -1 -1 -1 -1 -1 -1 -1 -1 -1 -1 -1 -1 -1 -1 -1 -1 -1 -1 -1 -1 -1 -1 -1 -1 -1 -1 -1 -1 -1 -1 -1 -1 -1 -1 -1 -1 -1 -1 -1 -1 -1 -1 -1 -1 -1 -1 -1 -1 -1 -1 -1 -1 -1 -1 -1 -1 -1 -1 -1 -1 -1 -1 -1 -1 -1 -1 -1 -1 -1 -1 -1 -1 -1 -1 -1 -1 -1 -1 -1 -1 -1 -1 -1 -1 -1 -1 -1 -1 -1 -1 -1 -1 -1 -1 -1 -1 -1 -1 -1 -1 -1 -1 -1 -1 -1 -1 -1 -1 -1 -1 -1 -1 -1 -1 -1 -1 -1 -1 -1 -1 -1 -1 -1 -1 -1 -1 -1 -1 -1 -1 -1 -1 -1 -1 -1 -1 -1 -1 -1 -1 -1 -1 -1 -1 -1 -1 -1 -1 -1 -1 -1 -1 -1 -1 -1 -1 -1 -1 -1 -1 -1 -1 -1 -1 -1 -1 -1 -1 -1 -1 -1 -1 -1 -1 -1 -1 -1 -1 -1 -1 -1 -1 -1 -1 -1 -1 -1 -1 -1 -1 -1 -1 -1 -1 -1 -1 -1 -1 -1 -1 -1 -1 -1 -1 -1 -1 -1 -1 -1 -1 -1 -1 -1 -1 -1 -1 -1 -1 -1 -1 -1 -1 -1 -1 -1 -1 -1 -1 -1 -1 -1 -1 -1 -1 -1 -1 -1 -1 -1 -1 -1 -1 -1 -1 -1 -1 -1 -1 -1 -1 -1 -1 -1 -1 -1 -1 -1 -1 -1 -1 -1 -1 -1 -1 -1 -1 -1 -1 -1 -1 -1 -1 -1 -1 -1 -1 -1 -1 -1 -1 -1 -1 -1 -1 -1 -1 -1 -1 -1 -1 -1 -1 -1 -1 -1 -1 -1 -1 -1 -1 -1 -1 -1 -1 -1 -1 -1 -1 -1 -1 -1 -1 -1 -1 -1 -1 -1 -1 -1 -1 -1 -1 -1 -1 -1 -1 -1 -1 -1 -1 -1 -1 -1 -1 -1 -1 -1 -1 -1 -1 -1 -1 -1 -1 -1 -1 -1 -1 -1 -1 -1 -1 -1 -1 -1 -1 -1 -1 -1 -1 -1 -1 -1 -1 -1 -1 -1 -1 -1 -1 -1 -1 -1 -1 -1 -1 -1 -1 -1 -1 -1 -1 -1 -1 -1 -1 -1 -1 -1 -1 -1 -1 -1 -1 -1 -1 -1 -1 -1 -1 -1 -1 -1 -1 -1 -1 -1 -1 -1 -1 -1 -1 -1 -1 -1 -1 -1 -1 -1 -1 -1 -1 -1 -1 -1 -1 -1 -1 -1 -1 -1 -1 -1 -1 -1 -1 -1 -1 -1 -1 -1 -1 -1 -1 -1 -1 -1 -1 -1 -1 -1 -1 -1 -1 -1 -1 -1 -1 -1 -1 -1 -1 -1 -1 -1 -1 -1 -1 -1 -1 -1 -1 -1 -1 -1 -1 -1 -1 -1 -1 -1 -1 -1 -1 -1 -1 -1 -1 -1 -1 -1 -1 -1 -1 -1 -1 -1 -1 -1 -1 -1 -1 -1 -1 -1 -1 -1 -1 -1 -1 -1 -1 -1 -1 -1 -1 -1 -1 -1 -1 -1 -1 -1 -1 -1 -1 -1 -1 -1 -1 -1 -1 -1 -1 -1 -1 -1 -1 -1 -1 -1 -1 -1 -1 -1 -1 -1 -1 -1 -1 -1 -1 -1 -1 -1 -1 -1 -1 -1 -1 -1 -1 -1 -1 -1 -1 -1 -1 -1 -1 -1 -1 -1 -1 -1 -1 -1 -1 -1 -1 -1 -1 -1 -1 -1 -1 -1 -1 -1 -1 -1 -1 -1 -1 -1 -1 -1 -1 -1 3 3 3 3 3 3 3 3 3 3 3 3 3 3 3 3 3 3 3 3 3 3 3 3 3 3 3 3 3 3 3 3 3 3 3 3 3 3 3 3 3 3 3 3 3 3 3 3 3 3 3 3 3 3 3 3 3 3 3 3 3 3 3 3 -1 -1 -1 -1 -1 -1 -1 -1 -1 -1 -1 -1 -1 -1 -1 -1 -1 -1 -1 -1 -1 -1 -1 -1 -1 -1 -1 -1 -1 -1 -1 -1 -1 -1 -1 -1 -1 -1 -1 -1 -1 -1 -1 -1 -1 -1 -1 -1 -1 -1 -1 -1 -1 -1 -1 -1 -1 -1 -1 -1 -1 -1 -1 -1 -1 -1 -1 -1 -1 -1 -1 -1 -1 -1 -1 -1 -1 -1 -1 -1 -1 -1 -1 -1 -1 -1 -1 -1 -1 -1 -1 -1 -1 -1 -1 -1 -1 -1 -1 -1 -1 -1 -1 -1 -1 -1 -1 -1 -1 -1 -1 -1 -1 -1 -1 -1 -1 -1 -1 -1 -1 -1 -1 -1 -1 -1 -1 -1 -1 -1 -1 -1 -1 -1 -1 -1 -1 -1 -1 -1 -1 -1 -1 -1 -1 -1 -1 -1 -1 -1 -1 -1 -1 -1 -1 -1 -1 -1 -1 -1 -1 -1 -1 -1 -1 -1 -1 -1 -1 -1 -1 -1 -1 -1 -1 -1 -1 -1 -1 -1 -1 -1 -1 -1 -1 -1 -1 -1 -1 -1 -1 -1 -1 -1 -1 -1 -1 -1 -1 -1 -1 -1 -1 -1 -1 -1 -1 -1 -1 -1 -1 -1 -1 -1 -1 -1 -1 -1 -1 -1 -1 -1 -1 -1 -1 -1 -1 -1 -1 -1 -1 -1 -1 -1 -1 -1 -1 -1 -1 -1 -1 -1 -1 -1 -1 -1 -1 -1 -1 -1 -1 -1 -1 -1 -1 -1 -1 -1 -1 -1 -1 -1 -1 -1 -1 -1 -1 -1 -1 -1 -1 -1 -1 -1 -1 -1 -1 -1 -1 -1 -1 -1 -1 -1 -1 -1 -1 -1 -1 -1 -1 -1 -1 -1 -1 -1 -1 -1 -1 -1 -1 -1 -1 -1 -1 -1 -1 -1 -1 -1 -1 -1 -1 -1 -1 -1 -1 -1 -1 -1 -1 -1 -1 -1 -1 -1 -1 -1 -1 -1 -1 -1 -1 -1 -1 -1 -1 -1 -1 -1 -1 -1 -1 -1 -1 -1 -1 -1 -1 -1 -1 -1 -1 -1 -1 -1 -1 -1 -1 -1 -1 -1 -1 -1 -1 -1 -1 -1 -1 -1 -1 -1 -1 -1 -1 -1 -1 -1 -1 -1 -1 -1 -1 -1 -1 -1 -1 -1 -1 -1 -1 -1 -1 -1 -1 -1 -1 -1 -1 -1 -1 -1 -1 -1 -1 -1 -1 -1 -1 -1 -1 -1 -1 -1 -1 -1 -1 -1 -1 -1 -1 -1 -1 -1 -1 -1 -1 -1 -1 -1 -1 -1 -1 -1 -1 -1 -1 -1 -1 -1 -1 -1 -1 -1 -1 -1 -1 -1 -1 -1 -1 -1 -1 -1 -1 -1 -1 -1 -1 -1 -1 -1 -1 -1 -1 -1 -1 -1 -1 -1 -1 -1 -1 -1 -1 -1 -1 -1 -1 -1 -1 -1 -1 -1 -1 -1 -1 -1 -1 -1 -1 -1 -1 -1 -1 -1 -1 -1 -1 -1 -1 -1 -1 -1 -1 -1 -1 -1 -1 -1 -1 -1 -1 -1 -1 -1 -1 -1 -1 -1 -1 -1 -1 -1 -1 -1 -1 -1 -1 -1 -1 -1 -1 -1 -1 -1 -1 -1 -1 -1 -1 -1 -1 -1 -1 -1 -1 -1 -1 -1 -1 -1 -1 -1 -1 -1 -1 -1 -1 -1 -1 -1 -1 -1 -1 -1 -1 -1 -1 -1 -1 -1 -1 -1 -1 -1 -1 -1 -1 -1 -1 -1 -1 -1 -1 -1 -1 -1 -1 -1 -1 -1 -1 -1 -1 -1 -1 -1 -1 -1 -1 -1 -1 -1 -1 -1 -1 -1 -1 -1 -1 -1 -1 -1 -1 -1 -1 -1 -1 -1 -1 -1 -1 -1 -1 -1 -1 -1 -1 -1 -1 -1 -1 -1 -1 -1 -1 -1 -1 -1 -1 -1 -1 -1 -1 -1 -1 -1 -1 -1 -1 -1 -1 -1 -1 -1 -1 -1 -1 -1 -1 -1 -1 -1 -1 -1 -1 -1 -1 -1 -1 -1 -1 -1 -1 -1 -1 -1 -1 -1 -1 -1 -1 -1 -1 -1 -1 -1 -1 -1 -1 -1 -1 -1 -1 -1 -1 -1 -1 -1 -1 -1 -1 -1 -1 -1 -1 -1 -1 -1 -1 -1 -1 -1 -1 -1 -1 -1 -1 -1 -1 -1 -1 -1 -1 -1 -1 -1 -1 -1 -1 -1 -1 -1 -1 -1 -1 -1 -1 -1 -1 -1 -1 -1 -1 -1 -1 -1 -1 -1 -1 -1 -1 -1 -1 -1 -1 -1 -1 -1 -1 -1 -1 -1 -1 -1 -1 -1 -1 -1 -1 -1 -1 -1 -1 -1 -1 -1 -1 -1 -1 -1 -1 -1 -1 -1 -1 -1 -1 -1 -1 -1 -1 -1 -1 -1 -1 -1 -1 -1 -1 -1 -1 -1 -1 -1 -1 -1 -1 -1 -1 -1 -1 -1 -1 -1 -1 -1 -1 -1 -1 -1 -1 -1 -1 -1 -1 -1 -1 -1 -1 -1 -1 -1 -1 -1 -1 -1 -1 -1 -1 -1 -1 -1 -1 -1 -1 -1 -1 -1 -1 -1 -1 -1 -1 -1 -1 -1 -1 -1 -1 -1 -1 -1 -1 -1 -1 -1 -1 -1 -1 -1 -1 -1 -1 -1 -1 -1 -1 -1 -1 -1 -1 -1 -1 -1 -1 -1 -1 -1 -1 -1 -1 -1 -1 -1 -1 -1 -1 -1 -1 -1 -1 -1 -1 -1 -1 -1 -1 -1 -1 -1 -1 -1 -1 -1 -1 -1 -1 -1 -1 -1 -1 -1 -1 -1 -1 -1 -1 -1 -1 -1 -1 -1 -1 -1 -1 -1 -1
expected_prev_indexs 2048 -1 -1 -1 -1 -1 -1 -1 -1 -1 -1 -1 -1 -1 -1 -1 -1 -1 -1 -1 -1 -1 0 0 0 0 0 0 0 0 1 1 1 1 1 1 1 1 2 2 2 2 2 2 2 2 3 3 3 3 3 3 3 3 4 4 4 4 4 4 4 4 5 5 5 5 5 5 5 5 6 6 6 6 6 6 6 6 7 7 7 7 7 7 7 7 -1 -1 -1 -1 -1 -1 -1 -1 -1 -1 -1 -1 -1 -1 -1 -1 -1 -1 -1 -1 -1 -1 -1 -1 -1 -1 -1 -1 -1 -1 -1 -1 -1 -1 -1 -1 -1 -1 -1 -1 -1 -1 -1 -1 -1 -1 -1 -1 -1 -1 -1 -1 -1 -1 -1 -1 -1 -1 -1 -1 -1 -1 -1 -1 -1 -1 -1 -1 -1 -1 -1 -1 -1 -1 -1 -1 -1 -1 -1 -1 -1 -1 -1 -1 -1 -1 -1 -1 -1 -1 -1 -1 -1 -1 -1 -1 -1 -1 -1 -1 -1 -1 -1 -1 -1 -1 -1 -1 -1 -1 -1 -1 -1 -1 -1 -1 -1 -1 -1 -1 -1 -1 -1 -1 -1 -1 -1 -1 -1 -1 -1 -1 -1 -1 -1 -1 -1 -1 -1 -1 -1 -1 -1 -1 -1 -1 -1 -1 -1 -1 -1 -1 -1 -1 -1 -1 -1 -1 -1 -1 -1 -1 -1 -1 -1 -1 -1 -1 -1 -1 -1 -1 -1 -1 -1 -1 -1 -1 -1 -1 -1 -1 -1 -1 -1 -1 -1 -1 -1 -1 -1 -1 -1 -1 -1 -1 -1 -1 -1 -1 -1 -1 -1 -1 -1 -1 -1 -1 -1 -1 -1 -1 -1 -1 -1 -1 -1 -1 -1 -1 -1 -1 -1 -1 -1 -1 -1 -1 -1 -1 -1 -1 -1 -1 -1 -1 -1 -1 -1 -1 -1 -1 -1 -1 -1 -1 -1 -1 -1 -1 -1 -1 -1 -1 -1 -1 -1 -1 -1 -1 -1 -1 -1 -1 -1 -1 -1 -1 -1 -1 -1 -1 -1 -1 -1 -1 -1 -1 -1 -1 -1 -1 -1 -1 -1 -1 -1 -1 -1 -1 -1 -1 -1 -1 -1 -1 -1 -1 -1 -1 -1 -1 -1 -1 -1 -1 -1 -1 -1 -1 -1 -1 -1 -1 -1 -1 -1 -1 -1 -1 -1 -1 -1 -1 -1 -1 -1 -1 -1 -1 -1 -1 -1 -1 -1 -1 -1 -1 -1 -1 -1 -1 -1 -1 -1 -1 -1 -1 -1 -1 -1 -1 -1 -1 -1 -1 -1 -1 -1 -1 -1 -1 -1 -1 -1 -1 -1 -1 -1 -1 -1 -1 -1 -1 -1 -1 -1 -1 -1 -1 -1 -1 -1 -1 -1 -1 -1 -1 -1 -1 -1 -1 -1 -1 -1 -1 -1 -1 -1 -1 -1 -1 -1 -1 -1 -1 -1 -1 -1 -1 -1 -1 -1 -1 -1 -1 -1 -1 -1 -1 -1 -1 -1 -1 -1 -1 -1 -1 -1 -1 -1 -1 -1 -1 -1 -1 -1 -1 -1 -1 -1 -1 -1 -1 -1 -1 -1 -1 -1 -1 -1 -1 -1 -1 -1 -1 -1 -1 -1 -1 -1 -1 -1 -1 -1 -1 -1 -1 -1 -1 -1 -1 -1 -1 -1 -1 -1 -1 -1 -1 -1 -1 -1 -1 -1 -1 -1 -1 -1 -1 -1 -1 -1 -1 -1 -1 -1 -1 -1 -1 -1 -1 -1 -1 -1 -1 -1 -1 -1 -1 -1 -1 -1 -1 -1 -1 -1 -1 -1 -1 -1 -1 -1 -1 -1 -1 -1 -1 -1 -1 -1 -1 -1 -1 -1 -1 -1 -1 -1 -1 -1 -1 -1 -1 -1 -1 -1 -1 -1 -1 -1 -1 -1 -1 -1 -1 -1 -1 -1 -1 -1 -1 -1 -1 -1 -1 -1 -1 -1 -1 -1 -1 -1 -1 -1 -1 -1 -1 -1 -1 -1 -1 -1 -1 -1 -1 -1 -1 -1 -1 -1 -1 -1 -1 -1 -1 -1 -1 -1 -1 -1 -1 -1 -1 -1 -1 -1 -1 -1 -1 -1 -1 -1 -1 -1 -1 -1 -1 -1 -1 -1 -1 -1 -1 -1 -1 -1 -1 -1 -1 -1 -1 -1 -1 -1 -1 -1 -1 -1 -1 -1 -1 -1 -1 -1 -1 -1 -1 -1 -1 -1 -1 -1 -1 -1 -1 -1 -1 -1 -1 -1 -1 -1 -1 -1 -1 -1 -1 -1 -1 -1 -1 -1 -1 -1 -1 -1 -1 -1 -1 -1 -1 -1 -1 -1 -1 -1 -1 -1 -1 -1 -1 -1 -1 -1 -1 -1 -1 -1 -1 -1 -1 -1 -1 -1 -1 -1 -1 -1 -1 -1 -1 -1 -1 -1 -1 -1 -1 -1 -1 -1 -1 -1 -1 -1 -1 -1 -1 -1 -1 -1 -1 -1 -1 -1 -1 -1 -1 -1 -1 -1 -1 -1 -1 -1 -1 -1 -1 -1 -1 -1 -1 -1 -1 -1 -1 -1 -1 -1 -1 -1 -1 -1 -1 -1 -1 -1 -1 -1 -1 -1 -1 -1 -1 -1 -1 -1 -1 -1 -1 -1 -1 -1 -1 -1 -1 -1 -1 -1 -1 -1 -1 -1 -1 -1 -1 -1 -1 -1 -1 -1 -1 -1 -1 -1 -1 -1 -1 -1 -1 -1 -1 -1 -1 -1 -1 -1 -1 -1 -1 -1 -1 -1 -1 -1 -1 -1 -1 -1 -1 -1 -1 -1 -1 -1 -1 -1 -1 -1 -1 -1 -1 -1 -1 -1 -1 -1 -1 -1 -1 -1 -1 -1 -1 -1 -1 -1 -1 -1 -1 -1 -1 -1 -1 -1 -1 -1 -1 -1 -1 -1 -1 -1 -1 -1 -1 -1 -1 -1 -1 -1 -1 -1 -1 -1 -1 -1 -1 -1 -1 -1 -1 -1 -1 -1 -1 -1 -1 -1 -1 -1 -1 -1 -1 -1 -1 -1 -1 -1 -1 -1 -1 -1 -1 -1 -1 -1 -1 -1 -1 -1 -1 -1 -1 -1 -1 -1 -1 -1 -1 -1 -1 -1 -1 -1 -1 -1 -1 -1 -1 -1 -1 -1 -1 -1 -1 -1 -1 -1 -1 -1 -1 -1 -1 -1 -1 -1 -1 -1 -1 8 8 8 8 8 8 8 8 9 9 9 9 9 9 9 9 10 10 10 10 10 10 10 10 11 11 11 11 11 11 11 11 12 12 12 12 12 12 12 12 13 13 13 13 13 13 13 13 14 14 14 14 14 14 14 14 15 15 15 15 15 15 15 15 -1 -1 -1 -1 -1 -1 -1 -1 -1 -1 -1 -1 -1 -1 -1 -1 -1 -1 -1 -1 -1 -1 -1 -1 -1 -1 -1 -1 -1 -1 -1 -1 -1 -1 -1 -1 -1 -1 -1 -1 -1 -1 -1 -1 -1 -1 -1 -1 -1 -1 -1 -1 -1 -1 -1 -1 -1 -1 -1 -1 -1 -1 -1 -1 -1 -1 -1 -1 -1 -1 -1 -1 -1 -1 -1 -1 -1 -1 -1 -1 -1 -1 -1 -1 -1 -1 -1 -1 -1 -1 -1 -1 -1 -1 -1 -1 -1 -1 -1 -1 -1 -1 -1 -1 -1 -1 -1 -1 -1 -1 -1 -1 -1 -1 -1 -1 -1 -1 -1 -1 -1 -1 -1 -1 -1 -1 -1 -1 -1 -1 -1 -1 -1 -1 -1 -1 -1 -1 -1 -1 -1 -1 -1 -1 -1 -1 -1 -1 -1 -1 -1 -1 -1 -1 -1 -1 -1 -1 -1 -1 -1 -1 -1 -1 -1 -1 -1 -1 -1 -1 -1 -1 -1 -1 -1 -1 -1 -1 -1 -1 -1 -1 -1 -1 -1 -1 -1 -1 -1 -1 -1 -1 -1 -1 -1 -1 -1 -1 -1 -1 -1 -1 -1 -1 -1 -1 -1 -1 -1 -1 -1 -1 -1 -1 -1 -1 -1 -1 -1 -1 -1 -1 -1 -1 -1 -1 -1 -1 -1 -1 -1 -1 -1 -1 -1 -1 -1 -1 -1 -1 -1 -1 -1 -1 -1 -1 -1 -1 -1 -1 -1 -1 -1 -1 -1 -1 -1 -1 -1 -1 -1 -1 -1 -1 -1 -1 -1 -1 -1 -1 -1 -1 -1 -1 -1 -1 -1 -1 -1 -1 -1 -1 -1 -1 -1 -1 -1 -1 -1 -1 -1 -1 -1 -1 -1 -1 -1 -1 -1 -1 -1 -1 -1 -1 -1 -1 -1 -1 -1 -1 -1 -1 -1 -1 -1 -1 -1 -1 -1 -1 -1 -1 -1 -1 -1 -1 -1 -1 -1 -1 -1 -1 -1 -1 -1 -1 -1 -1 -1 -1 -1 -1 -1 -1 -1 -1 -1 -1 -1 -1 -1 -1 -1 -1 -1 -1 -1 -1 -1 -1 -1 -1 -1 -1 -1 -1 -1 -1 -1 -1 -1 -1 -1 -1 -1 -1 -1 -1 -1 -1 -1 -1 -1 -1 -1 -1 -1 -1 -1 -1 -1 -1 -1 -1 -1 -1 -1 -1 -1 -1 -1 -1 -1 -1 -1 -1 -1 -1 -1 -1 -1 -1 -1 -1 -1 -1 -1 -1 -1 -1 -1 -1 -1 -1 -1 -1 -1 -1 -1 -1 -1 -1 -1 -1 -1 -1 -1 -1 -1 -1 -1 -1 -1 -1 -1 -1 -1 -1 -1 -1 -1 -1 -1 -1 -1 -1 -1 -1 -1 -1 -1 -1 -1 -1 -1 -1 -1 -1 -1 -1 -1 -1 -1 -1 -1 -1 -1 -1 -1 -1 -1 -1 -1 -1 -1 -1 -1 -1 -1 -1 -1 -1 -1 -1 -1 -1 -1 -1 -1 -1 -1 -1 -1 -1 -1 -1 -1 -1 -1 -1 -1 -1 -1 -1 -1 -1 -1 -1 -1 -1 -1 -1 -1 -1 -1 -1 -1 -1 -1 -1 -1 -1 -1 -1 -1 -1 -1 -1 -1 -1 -1 -1 -1 -1 -1 -1 -1 -1 -1 -1 -1 -1 -1 -1 -1 -1 -1 -1 -1 -1 -1 -1 -1 -1 -1 -1 -1 -1 -1 -1 -1 -1 -1 -1 -1 -1 -1 -1 -1 -1 -1 -1 -1 -1 -1 -1 -1 -1 -1 -1 -1 -1 -1 -1 -1 -1 -1 -1 -1 -1 -1 -1 -1 -1 -1 -1 -1 -1 -1 -1 -1 -1 -1 -1 -1 -1 -1 -1 -1 -1 -1 -1 -1 -1 -1 -1 -1 -1 -1 -1 -1 -1 -1 -1 -1 -1 -1 -1 -1 -1 -1 -1 -1 -1 -1 -1 -1 -1 -1 -1 -1 -1 -1 -1 -1 -1 -1 -1 -1 -1 -1 -1 -1 -1 -1 -1 -1 -1 -1 -1 -1 -1 -1 -1 -1 -1 -1 -1 -1 -1 -1 -1 -1 -1 -1 -1 -1 -1 -1 -1 -1 -1 -1 -1 -1 -1 -1 -1 -1 -1 -1 -1 -1 -1 -1 -1 -1 -1 -1 -1 -1 -1 -1 -1 -1 -1 -1 -1 -1 -1 -1 -1 -1 -1 -1 -1 -1 -1 -1 -1 -1 -1 -1 -1 -1 -1 -1 -1 -1 -1 -1 -1 -1 -1 -1 -1 -1 -1 -1 -1 -1 -1 -1 -1 -1 -1 -1 -1 -1 -1 -1 -1 -1 -1 -1 -1 -1 -1 -1 -1 -1 -1 -1 -1 -1 -1 -1 -1 -1 -1 -1 -1 -1 -1 -1 -1 -1 -1 -1 -1 -1 -1 -1 -1 -1 -1 -1 -1 -1 -1 -1 -1 -1 -1 -1 -1 -1 -1 -1 -1 -1 -1 -1 -1 -1 -1 -1 -1 -1 -1 -1 -1 -1 -1 -1 -1 -1 -1 -1 -1 -1 -1 -1 -1 -1 -1 -1 -1 -1 -1 -1 -1 -1 -1 -1 -1 -1 -1 -1 -1 -1 -1 -1 -1 -1 -1 -1 -1 -1 -1 -1 -1 -1 -1 -1 -1 -1 -1 -1 -1 -1 -1 -1 -1 -1 -1 -1 -1 -1 -1 -1 -1 -1 -1 -1 -1 -1 -1 -1 -1 -1 -1 -1 -1 -1 -1 -1 -1 -1 -1 -1 -1 -1 -1 -1 -1 -1 -1 -1 -1 -1 -1 -1 -1 -1 -1 -1 -1 -1 -1 -1 -1 -1 -1 -1 -1 -1 -1 -1 -1 -1 -1 -1 -1 -1 -1 -1 -1 -1
expected_next_indexs 2048 21 29 37 45 53 61 69 77 -2 -2 -2 -2 -2 -2 -2 -2 -2 -2 -2 -2 -2 -1 -1 -1 -1 -1 -1 -1 -1 -1 -1 -1 -1 -1 -1 -1 -1 -1 -1 -1 -1 -1 -1 -1 -1 -1 -1 -1 -1 -1 -1 -1 -1 -1 -1 -1 -1 -1 -1 -1 -1 -1 -1 -1 -1 -1 -1 -1 -1 -1 -1 -1 -1 -1 -1 -1 -1 -1 -1 -1 -1 -1 -1 -1 -1 -2 -2 -2 -2 -2 -2 -2 -2 -2 -2 -2 -2 -2 -2 -2 -2 -2 -2 -2 -2 -2 -2 -2 -2 -2 -2 -2 -2 -2 -2 -2 -2 -2 -2 -2 -2 -2 -2 -2 -2 -2 -2 -2 -2 -2 -2 -2 -2 -2 -2 -2 -2 -2 -2 -2 -2 -2 -2 -2 -2 -2 -2 -2 -2 -2 -2 -2 -2 -2 -2 -2 -2 -2 -2 -2 -2 -2 -2 -2 -2 -2 -2 -2 -2 -2 -2 -2 -2 -2 -2 -2 -2 -2 -2 -2 -2 -2 -2 -2 -2 -2 -2 -2 -2 -2 -2 -2 -2 -2 -2 -2 -2 -2 -2 -2 -2 -2 -2 -2 -2 -2 -2 -2 -2 -2 -2 -2 -2 -2 -2 -2 -2 -2 -2 -2 -2 -2 -2 -2 -2 -2 -2 -2 -2 -2 -2 -2 -2 -2 -2 -2 -2 -2 -2 -2 -2 -2 -2 -2 -2 -2 -2 -2 -2 -2 -2 -2 -2 -2 -2 -2 -2 -2 -2 -2 -2 -2 -2 -2 -2 -2 -2 -2 -2 -2 -2 -2 -2 -2 -2 -2 -2 -2 -2 -2 -2 -2 -2 -2 -2 -2 -2 -2 -2 -2 -2 -2 -2 -2 -2 -2 -2 -2 -2 -2 -2 -2 -2 -2 -2 -2 -2 -2 -2 -2 -2 -2 -2 -2 -2 -2 -2 -2 -2 -2 -2 -2 -2 -2 -2 -2 -2 -2 -2 -2 -2 -2 -2 -2 -2 -2 -2 -2 -2 -2 -2 -2 -2 -2 -2 -2 -2 -2 -2 -2 -2 -2 -2 -2 -2 -2 -2 -2 -2 -2 -2 -2 -2 -2 -2 -2 -2 -2 -2 -2 -2 -2 -2 -2 -2 -2 -2 -2 -2 -2 -2 -2 -2 -2 -2 -2 -2 -2 -2 -2 -2 -2 -2 -2 -2 -2 -2 -2 -2 -2 -2 -2 -2 -2 -2 -2 -2 -2 -2 -2 -2 -2 -2 -2 -2 -2 -2 -2 -2 -2 -2 -2 -2 -2 -2 -2 -2 -2 -2 -2 -2 -2 -2 -2 -2 -2 -2 -2 -2 -2 -2 -2 -2 -2 -2 -2 -2 -2 -2 -2 -2 -2 -2 -2 -2 -2 -2 -2 -2 -2 -2 -2 -2 -2 -2 -2 -2 -2 -2 -2 -2 -2 -2 -2 -2 -2 -2 -2 -2 -2 -2 -2 -2 -2 -2 -2 -2 -2 -2 -2 -2 -2 -2 -2 -2 -2 -2 -2 -2 -2 -2 -2 -2 -2 -2 -2 -2 -2 -2 -2 -2 -2 -2 -2 -2 -2 -2 -2 -2 -2 -2 -2 -2 -2 -2 -2 -2 -2 -2 -2 -2 -2 -2 -2 -2 -2 -2 -2 -2 -2 -2 -2 -2 -2 -2 -2 -2 -2 -2 -2 -2 -2 -2 -2 -2 -2 -2 -2 -2 -2 -2 -2 -2 -2 -2 -2 -2 -2 -2 -2 -2 -2 -2 -2 -2 -2 -2 -2 -2 -2 -2 -2 -2 -2 -2 -2 -2 -2 -2 -2 -2 -2 -2 -2 -2 -2 -2 -2 -2 -2 -2 -2 -2 -2 -2 -2 -2 -2 -2 -2 -2 -2 -2 -2 -2 -2 -2 -2 -2 -2 -2 -2 -2 -2 -2 -2 -2 -2 -2 -2 -2 -2 -2 -2 -2 -2 -2 -2 -2 -2 -2 -2 -2 -2 -2 -2 -2 -2 -2 -2 -2 -2 -2 -2 -2 -2 -2 -2 -2 -2 -2 -2 -2 -2 -2 -2 -2 -2 -2 -2 -2 -2 -2 -2 -2 -2 -2 -2 -2 -2 -2 -2 -2 -2 -2 -2 -2 -2 -2 -2 -2 -2 -2 -2 -2 -2 -2 -2 -2 -2 -2 -2 -2 -2 -2 -2 -2 -2 -2 -2 -2 -2 -2 -2 -2 -2 -2 -2 -2 -2 -2 -2 -2 -2 -2 -2 -2 -2 -2 -2 -2 -2 -2 -2 -2 -2 -2 -2 -2 -2 -2 -2 -2 -2 -2 -2 -2 -2 -2 -2 -2 -2 -2 -2 -2 -2 -2 -2 -2 -2 -2 -2 -2 -2 -2 -2 -2 -2 -2 -2 -2 -2 -2 -2 -2 -2 -2 -2 -2 -2 -2 -2 -2 -2 -2 -2 -2 -2 -2 -2 -2 -2 -2 -2 -2 -2 -2 -2 -2 -2 -2 -2 -2 -2 -2 -2 -2 -2 -2 -2 -2 -2 -2 -2 -2 -2 -2 -2 -2 -2 -2 -2 -2 -2 -2 -2 -2 -2 -2 -2 -2 -2 -2 -2 -2 -2 -2 -2 -2 -2 -2 -2 -2 -2 -2 -2 -2 -2 -2 -2 -2 -2 -2 -2 -2 -2 -2 -2 -2 -2 -2 -2 -2 -2 -2 -2 -2 -2 -2 -2 -2 -2 -2 -2 -2 -2 -2 -2 -2 -2 -2 -2 -2 -2 -2 -2 -2 -2 -2 -2 -2 -2 -2 -2 -2 -2 -2 -2 -2 -2 -2 -2 -2 -2 -2 -2 -2 -2 -2 -2 -2 -2 -2 -2 -2 -2 -2 -2 -2 -2 -2 -2 -2 -2 -2 -2 -2 -2 -2 -2 -2 -2 -2 -2 -2 -2 -2 -2 -2 -2 -2 -2 -2 -2 -2 -2 -2 -2 -2 -2 -2 -2 -2 -2 -2 -2 -2 -2 -2 -2 -2 -2 -2 -2 -2 -2 -2 -2 -2 -2 -2 -2 -2 -2 -2 -2 -2 -2 -2 -2 -2 -2 -2 -2 -2 -2 -2 -2 -2 -2 -2 -2 -2 -2 -2 -2 -2 -2 -2 -2 -2 -2 -2 -2 -2 -2 -2 -2 -2 -2 -2 -2 -2 -2 -2 -2 -2 -2 -2 -2 -2 -2 -2 -2 -2 -2 -2 -2 -2 -2 -2 -2 21 29 37 45 53 61 69 77 -2 -2 -2 -2 -2 -1 -1 -1 -1 -1 -1 -1 -1 -1 -1 -1 -1 -1 -1 -1 -1 -1 -1 -1 -1 -1 -1 -1 -1 -1 -1 -1 -1 -1 -1 -1 -1 -1 -1 -1 -1 -1 -1 -1 -1 -1 -1 -1 -1 -1 -1 -1 -1 -1 -1 -1 -1 -1 -1 -1 -1 -1 -1 -1 -1 -1 -1 -1 -1 -2 -2 -2 -2 -2 -2 -2 -2 -2 -2 -2 -2 -2 -2 -2 -2 -2 -2 -2 -2 -2 -2 -2 -2 -2 -2 -2 -2 -2 -2 -2 -2 -2 -2 -2 -2 -2 -2 -2 -2 -2 -2 -2 -2 -2 -2 -2 -2 -2 -2 -2 -2 -2 -2 -2 -2 -2 -2 -2 -2 -2 -2 -2 -2 -2 -2 -2 -2 -2 -2 -2 -2 -2 -2 -2 -2 -2 -2 -2 -2 -2 -2 -2 -2 -2 -2 -2 -2 -2 -2 -2 -2 -2 -2 -2 -2 -2 -2 -2 -2 -2 -2 -2 -2 -2 -2 -2 -2 -2 -2 -2 -2 -2 -2 -2 -2 -2 -2 -2 -2 -2 -2 -2 -2 -2 -2 -2 -2 -2 -2 -2 -2 -2 -2 -2 -2 -2 -2 -2 -2 -2 -2 -2 -2 -2 -2 -2 -2 -2 -2 -2 -2 -2 -2 -2 -2 -2 -2 -2 -2 -2 -2 -2 -2 -2 -2 -2 -2 -2 -2 -2 -2 -2 -2 -2 -2 -2 -2 -2 -2 -2 -2 -2 -2 -2 -2 -2 -2 -2 -2 -2 -2 -2 -2 -2 -2 -2 -2 -2 -2 -2 -2 -2 -2 -2 -2 -2 -2 -2 -2 -2 -2 -2 -2 -2 -2 -2 -2 -2 -2 -2 -2 -2 -2 -2 -2 -2 -2 -2 -2 -2 -2 -2 -2 -2 -2 -2 -2 -2 -2 -2 -2 -2 -2 -2 -2 -2 -2 -2 -2 -2 -2 -2 -2 -2 -2 -2 -2 -2 -2 -2 -2 -2 -2 -2 -2 -2 -2 -2 -2 -2 -2 -2 -2 -2 -2 -2 -2 -2 -2 -2 -2 -2 -2 -2 -2 -2 -2 -2 -2 -2 -2 -2 -2 -2 -2 -2 -2 -2 -2 -2 -2 -2 -2 -2 -2 -2 -2 -2 -2 -2 -2 -2 -2 -2 -2 -2 -2 -2 -2 -2 -2 -2 -2 -2 -2 -2 -2 -2 -2 -2 -2 -2 -2 -2 -2 -2 -2 -2 -2 -2 -2 -2 -2 -2 -2 -2 -2 -2 -2 -2 -2 -2 -2 -2 -2 -2 -2 -2 -2 -2 -2 -2 -2 -2 -2 -2 -2 -2 -2 -2 -2 -2 -2 -2 -2 -2 -2 -2 -2 -2 -2 -2 -2 -2 -2 -2 -2 -2 -2 -2 -2 -2 -2 -2 -2 -2 -2 -2 -2 -2 -2 -2 -2 -2 -2 -2 -2 -2 -2 -2 -2 -2 -2 -2 -2 -2 -2 -2 -2 -2 -2 -2 -2 -2 -2 -2 -2 -2 -2 -2 -2 -2 -2 -2 -2 -2 -2 -2 -2 -2 -2 -2 -2 -2 -2 -2 -2 -2 -2 -2 -2 -2 -2 -2 -2 -2 -2 -2 -2 -2 -2 -2 -2 -2 -2 -2 -2 -2 -2 -2 -2 -2 -2 -2 -2 -2 -2 -2 -2 -2 -2 -2 -2 -2 -2 -2 -2 -2 -2 -2 -2 -2 -2 -2 -2 -2 -2 -2 -2 -2 -2 -2 -2 -2 -2 -2 -2 -2 -2 -2 -2 -2 -2 -2 -2 -2 -2 -2 -2 -2 -2 -2 -2 -2 -2 -2 -2 -2 -2 -2 -2 -2 -2 -2 -2 -2 -2 -2 -2 -2 -2 -2 -2 -2 -2 -2 -2 -2 -2 -2 -2 -2 -2 -2 -2 -2 -2 -2 -2 -2 -2 -2 -2 -2 -2 -2 -2 -2 -2 -2 -2 -2 -2 -2 -2 -2 -2 -2 -2 -2 -2 -2 -2 -2 -2 -2 -2 -2 -2 -2 -2 -2 -2 -2 -2 -2 -2 -2 -2 -2 -2 -2 -2 -2 -2 -2 -2 -2 -2 -2 -2 -2 -2 -2 -2 -2 -2 -2 -2 -2 -2 -2 -2 -2 -2 -2 -2 -2 -2 -2 -2 -2 -2 -2 -2 -2 -2 -2 -2 -2 -2 -2 -2 -2 -2 -2 -2 -2 -2 -2 -2 -2 -2 -2 -2 -2 -2 -2 -2 -2 -2 -2 -2 -2 -2 -2 -2 -2 -2 -2 -2 -2 -2 -2 -2 -2 -2 -2 -2 -2 -2 -2 -2 -2 -2 -2 -2 -2 -2 -2 -2 -2 -2 -2 -2 -2 -2 -2 -2 -2 -2 -2 -2 -2 -2 -2 -2 -2 -2 -2 -2 -2 -2 -2 -2 -2 -2 -2 -2 -2 -2 -2 -2 -2 -2 -2 -2 -2 -2 -2 -2 -2 -2 -2 -2 -2 -2 -2 -2 -2 -2 -2 -2 -2 -2 -2 -2 -2 -2 -2 -2 -2 -2 -2 -2 -2 -2 -2 -2 -2 -2 -2 -2 -2 -2 -2 -2 -2 -2 -2 -2 -2 -2 -2 -2 -2 -2 -2 -2 -2 -2 -2 -2 -2 -2 -2 -2 -2 -2 -2 -2 -2 -2 -2 -2 -2 -2 -2 -2 -2 -2 -2 -2 -2 -2 -2 -2 -2 -2 -2 -2 -2 -2 -2 -2 -2 -2 -2 -2 -2 -2 -2 -2 -2 -2 -2 -2 -2 -2 -2 -2 -2 -2 -2 -2 -2 -2 -2 -2 -2 -2 -2 -2 -2 -2 -2 -2 -2 -2 -2 -2 -2 -2 -2 -2 -2 -2 -2 -2 -2 -2 -2 -2 -2 -2 -2 -2 -2 -2 -2 -2 -2 -2 -2 -2 -2 -2 -2 -2 -2 -2 -2 -2 -2 -2 -2 -2 -2 -2 -2 -2 -2 -2 -2 -2 -2 -2 -2 -2 -2 -2 -2 -2 -2 -2 -2 -2 -2 -2 -2 -2 -2 -2 -2 -2 -2 -2 -2 -2 -2 -2 -2 -2 -2 -2 -2 -2 -2 -2 -2 -2 -2 -2 -2 -2 -2 -2 -2
expected_side_indexs 2048 -3 -3 -3 -3 -3 -3 -3 -3 -3 -3 -3 -3 -3 -3 -3 -3 -3 -3 -3 -3 -3 22 23 24 25 26 27 28 -1 30 31 32 33 34 35 36 -1 38 39 40 41 42 43 44 -1 46 47 48 49 50 51 52 -1 54 55 56 57 58 59 60 -1 62 63 64 65 66 67 68 -1 70 71 72 73 74 75 76 -1 78 79 80 81 82 83 84 -1 -3 -3 -3 -3 -3 -3 -3 -3 -3 -3 -3 -3 -3 -3 -3 -3 -3 -3 -3 -3 -3 -3 -3 -3 -3 -3 -3 -3 -3 -3 -3 -3 -3 -3 -3 -3 -3 -3 -3 -3 -3 -3 -3 -3 -3 -3 -3 -3 -3 -3 -3 -3 -3 -3 -3 -3 -3 -3 -3 -3 -3 -3 -3 -3 -3 -3 -3 -3 -3 -3 -3 -3 -3 -3 -3 -3 -3 -3 -3 -3 -3 -3 -3 -3 -3 -3 -3 -3 -3 -3 -3 -3 -3 -3 -3 -3 -3 -3 -3 -3 -3 -3 -3 -3 -3 -3 -3 -3 -3 -3 -3 -3 -3 -3 -3 -3 -3 -3 -3 -3 -3 -3 -3 -3 -3 -3 -3 -3 -3 -3 -3 -3 -3 -3 -3 -3 -3 -3 -3 -3 -3 -3 -3 -3 -3 -3 -3 -3 -3 -3 -3 -3 -3 -3 -3 -3 -3 -3 -3 -3 -3 -3 -3 -3 -3 -3 -3 -3 -3 -3 -3 -3 -3 -3 -3 -3 -3 -3 -3 -3 -3 -3 -3 -3 -3 -3 -3 -3 -3 -3 -3 -3 -3 -3 -3 -3 -3 -3 -3 -3 -3 -3 -3 -3 -3 -3 -3 -3 -3 -3 -3 -3 -3 -3 -3 -3 -3 -3 -3 -3 -3 -3 -3 -3 -3 -3 -3 -3 -3 -3 -3 -3 -3 -3 -3 -3 -3 -3 -3 -3 -3 -3 -3 -3 -3 -3 -3 -3 -3 -3 -3 -3 -3 -3 -3 -3 -3 -3 -3 -3 -3 -3 -3 -3 -3 -3 -3 -3 -3 -3 -3 -3 -3 -3 -3 -3 -3 -3 -3 -3 -3 -3 -3 -3 -3 -3 -3 -3 -3 -3 -3 -3 -3 -3 -3 -3 -3 -3 -3 -3 -3 -3 -3 -3 -3 -3 -3 -3 -3 -3 -3 -3 -3 -3 -3 -3 -3 -3 -3 -3 -3 -3 -3 -3 -3 -3 -3 -3 -3 -3 -3 -3 -3 -3 -3 -3 -3 -3 -3 -3 -3 -3 -3 -3 -3 -3 -3 -3 -3 -3 -3 -3 -3 -3 -3 -3 -3 -3 -3 -3 -3 -3 -3 -3 -3 -3 -3 -3 -3 -3 -3 -3 -3 -3 -3 -3 -3 -3 -3 -3 -3 -3 -3 -3 -3 -3 -3 -3 -3 -3 -3 -3 -3 -3 -3 -3 -3 -3 -3 -3 -3 -3 -3 -3 -3 -3 -3 -3 -3 -3 -3 -3 -3 -3 -3 -3 -3 -3 -3 -3 -3 -3 -3 -3 -3 -3 -3 -3 -3 -3 -3 -3 -3 -3 -3 -3 -3 -3 -3 -3 -3 -3 -3 -3 -3 -3 -3 -3 -3 -3 -3 -3 -3 -3 -3 -3 -3 -3 -3 -3 -3 -3 -3 -3 -3 -3 -3 -3 -3 -3 -3 -3 -3 -3 -3 -3 -3 -3 -3 -3 -3 -3 -3 -3 -3 -3 -3 -3 -3 -3 -3 -3 -3 -3 -3 -3 -3 -3 -3 -3 -3 -3 -3 -3 -3 -3 -3 -3 -3 -3 -3 -3 -3 -3 -3 -3 -3 -3 -3 -3 -3 -3 -3 -3 -3 -3 -3 -3 -3 -3 -3 -3 -3 -3 -3 -3 -3 -3 -3 -3 -3 -3 -3 -3 -3 -3 -3 -3 -3 -3 -3 -3 -3 -3 -3 -3 -3 -3 -3 -3 -3 -3 -3 -3 -3 -3 -3 -3 -3 -3 -3 -3 -3 -3 -3 -3 -3 -3 -3 -3 -3 -3 -3 -3 -3 -3 -3 -3 -3 -3 -3 -3 -3 -3 -3 -3 -3 -3 -3 -3 -3 -3 -3 -3 -3 -3 -3 -3 -3 -3 -3 -3 -3 -3 -3 -3 -3 -3 -3 -3 -3 -3 -3 -3 -3 -3 -3 -3 -3 -3 -3 -3 -3 -3 -3 -3 -3 -3 -3 -3 -3 -3 -3 -3 -3 -3 -3 -3 -3 -3 -3 -3 -3 -3 -3 -3 -3 -3 -3 -3 -3 -3 -3 -3 -3 -3 -3 -3 -3 -3 -3 -3 -3 -3 -3 -3 -3 -3 -3 -3 -3 -3 -3 -3 -3 -3 -3 -3 -3 -3 -3 -3 -3 -3 -3 -3 -3 -3 -3 -3 -3 -3 -3 -3 -3 -3 -3 -3 -3 -3 -3 -3 -3 -3 -3 -3 -3 -3 -3 -3 -3 -3 -3 -3 -3 -3 -3 -3 -3 -3 -3 -3 -3 -3 -3 -3 -3 -3 -3 -3 -3 -3 -3 -3 -3 -3 -3 -3 -3 -3 -3 -3 -3 -3 -3 -3 -3 -3 -3 -3 -3 -3 -3 -3 -3 -3 -3 -3 -3 -3 -3 -3 -3 -3 -3 -3 -3 -3 -3 -3 -3 -3 -3 -3 -3 -3 -3 -3 -3 -3 -3 -3 -3 -3 -3 -3 -3 -3 -3 -3 -3 -3 -3 -3 -3 -3 -3 -3 -3 -3 -3 -3 -3 -3 -3 -3 -3 -3 -3 -3 -3 -3 -3 -3 -3 -3 -3 -3 -3 -3 -3 -3 -3 -3 -3 -3 -3 -3 -3 -3 -3 -3 -3 -3 -3 -3 -3 -3 -3 -3 -3 -3 -3 -3 -3 -3 -3 -3 -3 -3 -3 -3 -3 -3 -3 -3 -3 -3 -3 -3 -3 -3 -3 -3 -3 -3 -3 -3 -3 -3 -3 -3 -3 -3 -3 -3 -3 -3 -3 -3 -3 -3 -3 -3 -3 -3 -3 -3 -3 -3 -3 -3 -3 -3 -3 -3 -3 -3 -3 -3 -3 -3 -3 -3 -3 -3 -3 -3 -3 -3 -3 -3 -3 -3 -3 -3 -3 -3 -3 -3 -3 -3 -3 -3 -3 -3 -3 -3 -3 -3 -3 -3 -3 -3 -3 -3 -3 -3 -3 -3 -3 -3 -3 -3 -3 -3 -3 -3 -3 -3 22 23 24 25 26 27 28 -1 30 31 32 33 34 35 36 -1 38 39 40 41 42 43 44 -1 46 47 48 49 50 51 52 -1 54 55 56 57 58 59 60 -1 62 63 64 65 66 67 68 -1 70 71 72 73 74 75 76 -1 78 79 80 81 82 83 84 -1 -3 -3 -3 -3 -3 -3 -3 -3 -3 -3 -3 -3 -3 -3 -3 -3 -3 -3 -3 -3 -3 -3 -3 -3 -3 -3 -3 -3 -3 -3 -3 -3 -3 -3 -3 -3 -3 -3 -3 -3 -3 -3 -3 -3 -3 -3 -3 -3 -3 -3 -3 -3 -3 -3 -3 -3 -3 -3 -3 -3 -3 -3 -3 -3 -3 -3 -3 -3 -3 -3 -3 -3 -3 -3 -3 -3 -3 -3 -3 -3 -3 -3 -3 -3 -3 -3 -3 -3 -3 -3 -3 -3 -3 -3 -3 -3 -3 -3 -3 -3 -3 -3 -3 -3 -3 -3 -3 -3 -3 -3 -3 -3 -3 -3 -3 -3 -3 -3 -3 -3 -3 -3 -3 -3 -3 -3 -3 -3 -3 -3 -3 -3 -3 -3 -3 -3 -3 -3 -3 -3 -3 -3 -3 -3 -3 -3 -3 -3 -3 -3 -3 -3 -3 -3 -3 -3 -3 -3 -3 -3 -3 -3 -3 -3 -3 -3 -3 -3 -3 -3 -3 -3 -3 -3 -3 -3 -3 -3 -3 -3 -3 -3 -3 -3 -3 -3 -3 -3 -3 -3 -3 -3 -3 -3 -3 -3 -3 -3 -3 -3 -3 -3 -3 -3 -3 -3 -3 -3 -3 -3 -3 -3 -3 -3 -3 -3 -3 -3 -3 -3 -3 -3 -3 -3 -3 -3 -3 -3 -3 -3 -3 -3 -3 -3 -3 -3 -3 -3 -3 -3 -3 -3 -3 -3 -3 -3 -3 -3 -3 -3 -3 -3 -3 -3 -3 -3 -3 -3 -3 -3 -3 -3 -3 -3 -3 -3 -3 -3 -3 -3 -3 -3 -3 -3 -3 -3 -3 -3 -3 -3 -3 -3 -3 -3 -3 -3 -3 -3 -3 -3 -3 -3 -3 -3 -3 -3 -3 -3 -3 -3 -3 -3 -3 -3 -3 -3 -3 -3 -3 -3 -3 -3 -3 -3 -3 -3 -3 -3 -3 -3 -3 -3 -3 -3 -3 -3 -3 -3 -3 -3 -3 -3 -3 -3 -3 -3 -3 -3 -3 -3 -3 -3 -3 -3 -3 -3 -3 -3 -3 -3 -3 -3 -3 -3 -3 -3 -3 -3 -3 -3 -3 -3 -3 -3 -3 -3 -3 -3 -3 -3 -3 -3 -3 -3 -3 -3 -3 -3 -3 -3 -3 -3 -3 -3 -3 -3 -3 -3 -3 -3 -3 -3 -3 -3 -3 -3 -3 -3 -3 -3 -3 -3 -3 -3 -3 -3 -3 -3 -3 -3 -3 -3 -3 -3 -3 -3 -3 -3 -3 -3 -3 -3 -3 -3 -3 -3 -3 -3 -3 -3 -3 -3 -3 -3 -3 -3 -3 -3 -3 -3 -3 -3 -3 -3 -3 -3 -3 -3 -3 -3 -3 -3 -3 -3 -3 -3 -3 -3 -3 -3 -3 -3 -3 -3 -3 -3 -3 -3 -3 -3 -3 -3 -3 -3 -3 -3 -3 -3 -3 -3 -3 -3 -3 -3 -3 -3 -3 -3 -3 -3 -3 -3 -3 -3 -3 -3 -3 -3 -3 -3 -3 -3 -3 -3 -3 -3 -3 -3 -3 -3 -3 -3 -3 -3 -3 -3 -3 -3 -3 -3 -3 -3 -3 -3 -3 -3 -3 -3 -3 -3 -3 -3 -3 -3 -3 -3 -3 -3 -3 -3 -3 -3 -3 -3 -3 -3 -3 -3 -3 -3 -3 -3 -3 -3 -3 -3 -3 -3 -3 -3 -3 -3 -3 -3 -3 -3 -3 -3 -3 -3 -3 -3 -3 -3 -3 -3 -3 -3 -3 -3 -3 -3 -3 -3 -3 -3 -3 -3 -3 -3 -3 -3 -3 -3 -3 -3 -3 -3 -3 -3 -3 -3 -3 -3 -3 -3 -3 -3 -3 -3 -3 -3 -3 -3 -3 -3 -3 -3 -3 -3 -3 -3 -3 -3 -3 -3 -3 -3 -3 -3 -3 -3 -3 -3 -3 -3 -3 -3 -3 -3 -3 -3 -3 -3 -3 -3 -3 -3 -3 -3 -3 -3 -3 -3 -3 -3 -3 -3 -3 -3 -3 -3 -3 -3 -3 -3 -3 -3 -3 -3 -3 -3 -3 -3 -3 -3 -3 -3 -3 -3 -3 -3 -3 -3 -3 -3 -3 -3 -3 -3 -3 -3 -3 -3 -3 -3 -3 -3 -3 -3 -3 -3 -3 -3 -3 -3 -3 -3 -3 -3 -3 -3 -3 -3 -3 -3 -3 -3 -3 -3 -3 -3 -3 -3 -3 -3 -3 -3 -3 -3 -3 -3 -3 -3 -3 -3 -3 -3 -3 -3 -3 -3 -3 -3 -3 -3 -3 -3 -3 -3 -3 -3 -3 -3 -3 -3 -3 -3 -3 -3 -3 -3 -3 -3 -3 -3 -3 -3 -3 -3 -3 -3 -3 -3 -3 -3 -3 -3 -3 -3 -3 -3 -3 -3 -3 -3 -3 -3 -3 -3 -3 -3 -3 -3 -3 -3 -3 -3 -3 -3 -3 -3 -3 -3 -3 -3 -3 -3 -3 -3 -3 -3 -3 -3 -3 -3 -3 -3 -3 -3 -3 -3 -3 -3 -3 -3 -3 -3 -3 -3 -3 -3 -3 -3 -3 -3 -3 -3 -3 -3 -3 -3 -3 -3 -3 -3 -3 -3 -3 -3 -3 -3 -3 -3 -3 -3 -3 -3 -3 -3 -3 -3 -3 -3 -3 -3 -3 -3 -3 -3 -3 -3 -3 -3 -3 -3 -3 -3 -3 -3 -3 -3 -3 -3 -3 -3 -3 -3 -3 -3 -3 -3 -3 -3 -3 -3 -3 -3 -3 -3 -3 -3 -3 -3 -3 -3 -3 -3 -3 -3 -3 -3 -3 -3 -3 -3 -3 -3 -3 -3 -3 -3 -3 -3 -3 -3 -3 -3 -3 -3 -3 -3 -3 -3 -3 -3 -3 -3 -3
expected_output_scores 16 0.69296723604202271 0.50765478610992432 0.49854618310928345 0.46792933344841003 0.42758649587631226 0.42303568124771118 0.37239581346511841 0.35160723328590393 0.76201826333999634 0.73157918453216553 0.71796250343322754 0.64564162492752075 0.62789052724838257 0.5425218939781189 0.51817303895950317 0.51638329029083252
expected_output_tokens 16 4073 2485 667 2947 683 148 2670 8144 6737 806 1252 2619 1694 7704 3029 7363
expected_work_scores 144 2.5 2.4900000095367432 2.4800000190734863 2.4700000286102295 2.4600000381469727 2.4500000476837158 2.440000057220459 2.4300000667572021 2.4200000762939453 2.4100000858306885 2.4000000953674316 2.3900001049041748 2.380000114440918 2.369999885559082 2.3599998950958252 2.3499999046325684 2.3399999141693115 2.3299999237060547 2.3199999332427979 2.309999942779541 2.2999999523162842 0.69296723604202271 0.50765478610992432 0.49854618310928345 0.46792933344841003 0.42758649587631226 0.42303568124771118 0.37239581346511841 0.35160723328590393 -123 -123 -123 -123 -123 -123 -123 -123 -123 -123 -123 -123 -123 -123 -123 -123 -123 -123 -123 -123 -123 -123 -123 -123 -123 -123 -123 -123 -123 -123 -123 -123 -123 -123 -123 -123 -123 -123 -123 -123 -123 -123 -123 2.4000000953674316 2.3900001049041748 2.380000114440918 2.369999885559082 2.3599998950958252 2.3499999046325684 2.3399999141693115 2.3299999237060547 2.3199999332427979 2.309999942779541 2.2999999523162842 2.2899999618530273 2.2799999713897705 2.2699999809265137 2.2599999904632568 2.25 2.2400000095367432 2.2300000190734863 2.2200000286102295 2.2100000381469727 2.2000000476837158 0.76201826333999634 0.73157918453216553 0.71796250343322754 0.64564162492752075 0.62789052724838257 0.5425218939781189 0.51817303895950317 0.51638329029083252 -123 -123 -123 -123 -123 -123 -123 -123 -123 -123 -123 -123 -123 -123 -123 -123 -123 -123 -123 -123 -123 -123 -123 -123 -123 -123 -123 -123 -123 -123 -123 -123 -123 -123 -123 -123 -123 -123 -123 -123 -123 -123 -123
expected_sort_scores 128 2.5 2.4900000095367432 2.4800000190734863 2.4700000286102295 2.4600000381469727 2.4500000476837158 2.440000057220459 2.4300000667572021 2.4200000762939453 2.4100000858306885 2.4000000953674316 2.3900001049041748 2.380000114440918 2.369999885559082 2.3599998950958252 2.3499999046325684 2.3399999141693115 2.3299999237060547 2.3199999332427979 2.309999942779541 2.2999999523162842 0.69296723604202271 0.50765478610992432 0.49854618310928345 0.46792933344841003 0.42758649587631226 0.42303568124771118 0.37239581346511841 0.35160723328590393 0.33891260623931885 0.33274036645889282 0.29929772019386292 0.26107922196388245 0.24673868715763092 0.24621857702732086 0.2426120787858963 0.2035084068775177 0.2008652538061142 0.18329440057277679 0.17936064302921295 0.16926465928554535 0.16447369754314423 0.1431664377450943 0.14175732433795929 0.13554978370666504 0.1327831894159317 0.13029439747333527 0.1264646053314209 0.12571446597576141 0.12375494837760925 0.11435449123382568 0.10718632489442825 0.10645521432161331 0.10278992354869843 0.10245079547166824 0.09737163782119751 0.097260728478431702 0.093723021447658539 0.085546590387821198 0.08458101749420166 0.080620512366294861 0.077738426625728607 0.074519239366054535 0.072317130863666534 2.4000000953674316 2.3900001049041748 2.380000114440918 2.369999885559082 2.3599998950958252 2.3499999046325684 2.3399999141693115 2.3299999237060547 2.3199999332427979 2.309999942779541 2.2999999523162842 2.2899999618530273 2.2799999713897705 2.2699999809265137 2.2599999904632568 2.25 2.2400000095367432 2.2300000190734863 2.2200000286102295 2.2100000381469727 2.2000000476837158 0.76201826333999634 0.73157918453216553 0.71796250343322754 0.64564162492752075 0.62789052724838257 0.5425218939781189 0.51817303895950317 0.51638329029083252 0.5091625452041626 0.48296001553535461 0.46584069728851318 0.41466599702835083 0.40368786454200745 0.3725186288356781 0.36916220188140869 0.36681419610977173 0.3634127676486969 0.36307650804519653 0.34418755769729614 0.33885800838470459 0.33366268873214722 0.31765210628509521 0.31214222311973572 0.29197093844413757 0.27841052412986755 0.26353007555007935 0.25882235169410706 0.25521346926689148 0.24948383867740631 0.23792554438114166 0.23299981653690338 0.22127258777618408 0.21359896659851074 0.21354119479656219 0.2110554575920105 0.19838564097881317 0.19423030316829681 0.17975100874900818 0.17588591575622559 0.17335295677185059 0.115451879799366 0.11530391126871109 0.1125422865152359
expected_output_tree_mask 1040 1 0 1 0 0 0 1 0 0 1 1 1 1 1 1 1 0 0 1 0 0 1 0 0 1 0 0 1 0 0 1 0 0 1 0 0 1 0 0 1 0 0 1 0 0 1 0 0 1 0 0 1 0 0 1 0 0 1 0 0 1 0 0 1 0 1 0 1 0 0 0 1 0 0 1 1 1 1 1 1 1 1 0 0 1 0 0 1 0 0 1 0 0 1 0 0 1 0 0 1 0 0 1 0 0 1 0 0 1 0 0 1 0 0 1 0 0 1 0 0 1 0 0 1 0 0 1 0 0 1 1 1 1 0 1 1 0 0 0 0 0 1 1 0 0 1 0 1 0 0 1 0 0 1 0 0 1 0 0 1 0 0 1 0 0 1 0 0 1 0 0 1 0 0 1 0 0 1 0 0 1 0 0 1 0 0 1 0 0 1 0 0 1 0 0 1 1 1 0 1 1 0 0 0 0 0 1 1 0 0 1 0 0 1 0 0 1 0 0 1 0 0 1 0 0 1 0 0 1 0 0 1 0 0 1 0 0 1 0 0 1 0 0 1 0 0 1 0 0 1 0 0 1 0 0 1 0 0 1 0 1 0 1 0 0 0 1 0 0 1 1 1 1 1 1 1 1 0 0 1 0 0 1 0 0 1 0 0 1 0 0 1 0 0 1 0 0 1 0 0 1 0 0 1 0 0 1 0 0 1 0 0 1 0 0 1 0 0 1 0 0 1 0 0 1 1 1 0 0 0 1 0 0 0 0 1 1 0 0 0 0 0 1 0 0 1 0 0 1 0 0 1 0 0 1 0 0 1 0 0 1 0 0 1 0 0 1 0 0 1 0 0 1 0 0 1 0 0 1 0 0 1 0 0 1 0 0 1 0 0 1 1 0 0 0 1 0 0 0 0 1 1 0 0 0 0 0 0 1 0 0 1 0 0 1 0 0 1 0 0 1 0 0 1 0 0 1 0 0 1 0 0 1 0 0 1 0 0 1 0 0 1 0 0 1 0 0 1 0 0 1 0 0 1 0 1 0 0 0 1 0 0 0 1 0 1 0 0 0 0 1 1 0 0 1 0 0 1 0 0 1 0 0 1 0 0 1 0 0 1 0 0 1 0 0 1 0 0 1 0 0 1 0 0 1 0 0 1 0 0 1 0 0 1 0 0 1 0 0 1 1 1 0 0 1 1 1 1 0 0 1 0 1 1 1 1 0 1 0 0 1 0 0 1 0 0 1 0 0 1 0 0 1 0 0 1 0 0 1 0 0 1 0 0 1 0 0 1 0 0 1 0 0 1 0 0 1 0 0 1 0 0 1 0 0 1 1 0 0 1 0 0 0 1 1 0 0 0 0 0 0 0 0 1 0 0 1 0 0 1 0 0 1 0 0 1 0 0 1 0 0 1 0 0 1 0 0 1 0 0 1 0 0 1 0 0 1 0 0 1 0 0 1 0 0 1 0 0 1 0 1 1 0 0 1 0 0 0 1 1 0 0 0 0 0 0 1 0 0 1 0 0 1 0 0 1 0 0 1 0 0 1 0 0 1 0 0 1 0 0 1 0 0 1 0 0 1 0 0 1 0 0 1 0 0 1 0 0 1 0 0 1 0 0 1 1 1 0 0 1 1 1 1 0 0 1 0 1 1 1 1 0 1 0 0 1 0 0 1 0 0 1 0 0 1 0 0 1 0 0 1 0 0 1 0 0 1 0 0 1 0 0 1 0 0 1 0 0 1 0 0 1 0 0 1 0 0 1 0 0 1 1 0 0 1 1 1 1 0 0 1 0 1 1 1 1 0 0 1 0 0 1 0 0 1 0 0 1 0 0 1 0 0 1 0 0 1 0 0 1 0 0 1 0 0 1 0 0 1 0 0 1 0 0 1 0 0 1 0 0 1 0 0 1 0 1 1 0 0 1 0 0 0 1 1 0 0 0 0 0 0 1 0 0 1 0 0 1 0 0 1 0 0 1 0 0 1 0 0 1 0 0 1 0 0 1 0 0 1 0 0 1 0 0 1 0 0 1 0 0 1 0 0 1 0 0 1 0 0 1 1 1 0 0 1 1 1 1 0 0 1 0 1 1 1 1 0 1 0 0 1 0 0 1 0 0 1 0 0 1 0 0 1 0 0 1 0 0 1 0 0 1 0 0 1 0 0 1 0 0 1 0 0 1 0 0 1 0 0 1 0 0 1 0 0 0 0 0 1 1 1 1 0 0 0 0 1 0 1 0 1 0 0 1 0 0 1 0 0 1 0 0 1 0 0 1 0 0 1 0 0 1 0 0 1 0 0 1 0 0 1 0 0 1 0 0 1 0 0 1 0 0 1 0 0 1 0 0 1 0
score_curr_layer_scores 128 0.031696751713752747 0.2035084068775177 0.13554978370666504 0.16447369754314423 0.067788869142532349 0.2426120787858963 0.097260728478431702 0.08458101749420166 0.093723021447658539 0.12571446597576141 0.066440314054489136 0.10245079547166824 0.13029439747333527 0.036551270633935928 0.12375494837760925 0.16926465928554535 0.24673868715763092 0.043842699378728867 0.026017162948846817 0.26107922196388245 0.048417650163173676 0.42303568124771118 0.14175732433795929 0.37239581346511841 0.24621857702732086 0.10645521432161331 0.33274036645889282 0.29929772019386292 0.065808393061161041 0.35160723328590393 0.05482303723692894 0.1431664377450943 0.46792933344841003 0.10278992354869843 0.33891260623931885 0.11435449123382568 0.49854618310928345 0.18329440057277679 0.1264646053314209 0.022451205179095268 0.074519239366054535 0.047395132482051849 0.047141712158918381 0.085546590387821198 0.019124925136566162 0.10718632489442825 0.00060440209927037358 0.077738426625728607 0.051018070429563522 0.080620512366294861 0.016614504158496857 0.060300126671791077 0.072317130863666534 0.17936064302921295 0.016986941918730736 0.055664088577032089 0.048594392836093903 0.2008652538061142 0.028566895052790642 0.42758649587631226 0.09737163782119751 0.1327831894159317 0.69296723604202271 0.50765478610992432 0.41466599702835083 0.48296001553535461 0.17588591575622559 0.51638329029083252 0.1007857620716095 0.2110554575920105 0.22127258777618408 0.33885800838470459 0.31765210628509521 0.21359896659851074 0.25521346926689148 0.076077155768871307 0.050002865493297577 0.080283485352993011 0.29197093844413757 0.19423030316829681 0.059906046837568283 0.36681419610977173 0.115451879799366 0.21354119479656219 0.36916220188140869 0.23792554438114166 0.25882235169410706 0.40368786454200745 0.0038473166059702635 0.001286596991121769 0.00068599858786910772 0.0022174178157001734 0.0017113053472712636 0.0033278865739703178 0.0027345144189894199 0.0027687617111951113 0.0045511662028729916 0.023256471380591393 0.17335295677185059 0.17975100874900818 0.10384755581617355 0.1125422865152359 0.031310129910707474 0.24948383867740631 0.10555161535739899 0.23299981653690338 0.3725186288356781 0.31214222311973572 0.27841052412986755 0.46584069728851318 0.34418755769729614 0.11530391126871109 0.016933929175138474 0.3634127676486969 0.26353007555007935 0.36307650804519653 0.73157918453216553 0.093195118010044098 0.71796250343322754 0.5425218939781189 0.76201826333999634 0.19838564097881317 0.62789052724838257 0.51817303895950317 0.5091625452041626 0.33366268873214722 0.020486399531364441 0.64564162492752075
score_output_hidden_states 1024 -0.97558248043060303 -2.7006881237030029 -0.57855898141860962 -0.7551041841506958 1.4298516511917114 1.4872516393661499 -0.066229574382305145 0.73323482275009155 -1.8157970905303955 -0.57382702827453613 0.77845585346221924 -2.2764489650726318 -1.0807235240936279 -1.8711584806442261 1.4367789030075073 -1.7170661687850952 -0.23690091073513031 0.46581587195396423 1.0722717046737671 1.854653000831604 -0.14510588347911835 -2.0645525455474854 -2.5722813606262207 1.0024943351745605 -0.70208632946014404 -0.76720571517944336 0.031744588166475296 -0.0068176700733602047 -1.1727402210235596 -1.7766804695129395 0.8682096004486084 2.0871152877807617 0.2642647922039032 -0.017600955441594124 -0.046026904135942459 0.57197278738021851 -0.6704108715057373 -0.095412865281105042 -2.4700956344604492 1.984351634979248 0.010261652991175652 -1.1270033121109009 -0.84252965450286865 0.13908645510673523 0.322755366563797 0.39812088012695312 -0.50187790393829346 -1.250836968421936 1.6302609443664551 -1.4243707656860352 -0.55732989311218262 -0.55514097213745117 0.12775541841983795 0.061840295791625977 -1.8454939126968384 0.54481697082519531 0.9078071117401123 -0.57669341564178467 -0.096316419541835785 -2.1060113906860352 1.4394376277923584 -0.42877721786499023 -0.45378473401069641 0.90262520313262939 -0.97558248043060303 -2.7006881237030029 -0.57855898141860962 -0.7551041841506958 1.4298516511917114 1.4872516393661499 -0.066229574382305145 0.73323482275009155 -1.8157970905303955 -0.57382702827453613 0.77845585346221924 -2.2764489650726318 -1.0807235240936279 -1.8711584806442261 1.4367789030075073 -1.7170661687850952 -0.23690091073513031 0.46581587195396423 1.0722717046737671 1.854653000831604 -0.14510588347911835 -2.0645525455474854 -2.5722813606262207 1.0024943351745605 -0.70208632946014404 -0.76720571517944336 0.031744588166475296 -0.0068176700733602047 -1.1727402210235596 -1.7766804695129395 0.8682096004486084 2.0871152877807617 0.2642647922039032 -0.017600955441594124 -0.046026904135942459 0.57197278738021851 -0.6704108715057373 -0.095412865281105042 -2.4700956344604492 1.984351634979248 0.010261652991175652 -1.1270033121109009 -0.84252965450286865 0.13908645510673523 0.322755366563797 0.39812088012695312 -0.50187790393829346 -1.250836968421936 1.6302609443664551 -1.4243707656860352 -0.55732989311218262 -0.55514097213745117 0.12775541841983795 0.061840295791625977 -1.8454939126968384 0.54481697082519531 0.9078071117401123 -0.57669341564178467 -0.096316419541835785 -2.1060113906860352 1.4394376277923584 -0.42877721786499023 -0.45378473401069641 0.90262520313262939 -0.41065701842308044 -1.2086998224258423 1.7603768110275269 1.2935799360275269 -2.3211312294006348 -0.017269160598516464 -0.51457762718200684 -0.89897620677947998 2.0702788829803467 0.47129100561141968 -0.98906517028808594 0.47145333886146545 1.0546751022338867 0.59252548217773438 -0.20351026952266693 0.35008803009986877 -0.71941667795181274 -0.094355359673500061 -0.58971959352493286 0.13881374895572662 2.0373802185058594 0.20112203061580658 0.6367955207824707 0.13314007222652435 0.49312755465507507 -0.85581290721893311 -0.2237916886806488 0.59080475568771362 -0.44236105680465698 -0.93249565362930298 -0.79222613573074341 1.4648449420928955 -1.3557443618774414 0.11056459695100784 0.77973753213882446 0.6982262134552002 -0.5803530216217041 -1.155620813369751 -0.50101208686828613 -0.28024452924728394 0.45479696989059448 -0.36476552486419678 1.2291039228439331 -1.3922834396362305 1.6901129484176636 1.1689329147338867 0.21841821074485779 -2.5319271087646484 1.5335036516189575 -0.70227921009063721 -1.6645925045013428 -0.02857014536857605 -2.2331645488739014 -0.50655096769332886 -0.37308809161186218 -0.48718336224555969 0.023718679323792458 -0.013226276263594627 0.49815523624420166 -0.26833361387252808 0.036993350833654404 -0.85582077503204346 0.60369807481765747 -1.532678484916687 -0.41065701842308044 -1.2086998224258423 1.7603768110275269 1.2935799360275269 -2.3211312294006348 -0.017269160598516464 -0.51457762718200684 -0.89897620677947998 2.0702788829803467 0.47129100561141968 -0.98906517028808594 0.47145333886146545 1.0546751022338867 0.59252548217773438 -0.20351026952266693 0.35008803009986877 -0.71941667795181274 -0.094355359673500061 -0.58971959352493286 0.13881374895572662 2.0373802185058594 0.20112203061580658 0.6367955207824707 0.13314007222652435 0.49312755465507507 -0.85581290721893311 -0.2237916886806488 0.59080475568771362 -0.44236105680465698 -0.93249565362930298 -0.79222613573074341 1.4648449420928955 -1.3557443618774414 0.11056459695100784 0.77973753213882446 0.6982262134552002 -0.5803530216217041 -1.155620813369751 -0.50101208686828613 -0.28024452924728394 0.45479696989059448 -0.36476552486419678 1.2291039228439331 -1.3922834396362305 1.6901129484176636 1.1689329147338867 0.21841821074485779 -2.5319271087646484 1.5335036516189575 -0.70227921009063721 -1.6645925045013428 -0.02857014536857605 -2.2331645488739014 -0.50655096769332886 -0.37308809161186218 -0.48718336224555969 0.023718679323792458 -0.013226276263594627 0.49815523624420166 -0.26833361387252808 0.036993350833654404 -0.85582077503204346 0.60369807481765747 -1.532678484916687 -0.97558248043060303 -2.7006881237030029 -0.57855898141860962 -0.7551041841506958 1.4298516511917114 1.4872516393661499 -0.066229574382305145 0.73323482275009155 -1.8157970905303955 -0.57382702827453613 0.77845585346221924 -2.2764489650726318 -1.0807235240936279 -1.8711584806442261 1.4367789030075073 -1.7170661687850952 -0.23690091073513031 0.46581587195396423 1.0722717046737671 1.854653000831604 -0.14510588347911835 -2.0645525455474854 -2.5722813606262207 1.0024943351745605 -0.70208632946014404 -0.76720571517944336 0.031744588166475296 -0.0068176700733602047 -1.1727402210235596 -1.7766804695129395 0.8682096004486084 2.0871152877807617 0.2642647922039032 -0.017600955441594124 -0.046026904135942459 0.57197278738021851 -0.6704108715057373 -0.095412865281105042 -2.4700956344604492 1.984351634979248 0.010261652991175652 -1.1270033121109009 -0.84252965450286865 0.13908645510673523 0.322755366563797 0.39812088012695312 -0.50187790393829346 -1.250836968421936 1.6302609443664551 -1.4243707656860352 -0.55732989311218262 -0.55514097213745117 0.12775541841983795 0.061840295791625977 -1.8454939126968384 0.54481697082519531 0.9078071117401123 -0.57669341564178467 -0.096316419541835785 -2.1060113906860352 1.4394376277923584 -0.42877721786499023 -0.45378473401069641 0.90262520313262939 0.57833600044250488 0.9401630163192749 0.92120158672332764 -0.12007439881563187 2.252601146697998 2.0287556648254395 0.94332093000411987 1.3353837728500366 0.063985727727413177 0.10730360448360443 -0.35404714941978455 0.44068247079849243 -0.55397927761077881 0.64279395341873169 0.72717577219009399 -0.085672095417976379 -1.7134163379669189 -0.92555117607116699 -1.6190739870071411 -0.1972053200006485 -0.36594539880752563 -1.0315617322921753 -0.87003844976425171 -1.317658543586731 -0.33249109983444214 -0.46315568685531616 1.3738288879394531 -1.2423005104064941 0.6433415412902832 0.062719568610191345 1.6287287473678589 1.6012210845947266 -0.49047544598579407 -0.13576401770114899 1.3583081960678101 -1.4906545877456665 -1.4890446662902832 -0.16217337548732758 -1.1311140060424805 0.0007082413649186492 2.4924609661102295 1.3144569396972656 0.40048059821128845 -0.43319112062454224 -1.168123722076416 0.48416712880134583 1.1597598791122437 0.4164465069770813 -0.085825257003307343 -1.9334697723388672 -0.36849606037139893 -0.88710188865661621 1.1734728813171387 -1.2505511045455933 -2.4951198101043701 -1.029422402381897 -0.48356419801712036 -0.35775554180145264 -0.67938059568405151 0.028123263269662857 0.38207301497459412 0.35204648971557617 0.031838081777095795 1.1275688409805298 0.57833600044250488 0.9401630163192749 0.92120158672332764 -0.12007439881563187 2.252601146697998 2.0287556648254395 0.94332093000411987 1.3353837728500366 0.063985727727413177 0.10730360448360443 -0.35404714941978455 0.44068247079849243 -0.55397927761077881 0.64279395341873169 0.72717577219009399 -0.085672095417976379 -1.7134163379669189 -0.92555117607116699 -1.6190739870071411 -0.1972053200006485 -0.36594539880752563 -1.0315617322921753 -0.87003844976425171 -1.317658543586731 -0.33249109983444214 -0.46315568685531616 1.3738288879394531 -1.2423005104064941 0.6433415412902832 0.062719568610191345 1.6287287473678589 1.6012210845947266 -0.49047544598579407 -0.13576401770114899 1.3583081960678101 -1.4906545877456665 -1.4890446662902832 -0.16217337548732758 -1.1311140060424805 0.0007082413649186492 2.4924609661102295 1.3144569396972656 0.40048059821128845 -0.43319112062454224 -1.168123722076416 0.48416712880134583 1.1597598791122437 0.4164465069770813 -0.085825257003307343 -1.9334697723388672 -0.36849606037139893 -0.88710188865661621 1.1734728813171387 -1.2505511045455933 -2.4951198101043701 -1.029422402381897 -0.48356419801712036 -0.35775554180145264 -0.67938059568405151 0.028123263269662857 0.38207301497459412 0.35204648971557617 0.031838081777095795 1.1275688409805298 1.1492425203323364 -0.25238904356956482 -1.194269061088562 1.3128604888916016 -0.74334871768951416 -0.44313618540763855 1.2979440689086914 -0.46676409244537354 3.0876891613006592 -0.35895836353302002 2.2341504096984863 1.5770388841629028 1.0829582214355469 0.0058896611444652081 0.96889811754226685 -0.46557378768920898 -0.015164545737206936 0.13902954757213593 0.16906619071960449 -1.1884599924087524 -0.87748157978057861 0.76026278734207153 1.4287697076797485 -0.21848092973232269 -2.7035431861877441 0.55954575538635254 0.46364831924438477 1.0228632688522339 0.61174297332763672 -0.12941716611385345 1.5061478614807129 0.47557097673416138 -0.49903905391693115 -0.74290013313293457 0.78733420372009277 0.98313689231872559 0.6501583456993103 -0.35973715782165527 0.074740700423717499 -0.11822166293859482 -0.24967940151691437 1.3909286260604858 -1.5778124332427979 1.11854088306427 -0.84309488534927368 -0.27630624175071716 0.4239407479763031 -1.363444447517395 -0.86496025323867798 -0.30610939860343933 -2.4097163677215576 -1.4931759834289551 -0.71978485584259033 -0.211737260222435 -0.67291003465652466 -0.87729132175445557 -0.32006260752677917 -0.34789848327636719 -0.28279793262481689 -0.67988789081573486 -0.37199044227600098 0.22113355994224548 0.28995007276535034 -0.17125591635704041 -0.34803229570388794 0.7637559175491333 0.91849476099014282 -0.77010262012481689 -0.698100745677948 1.159041166305542 0.88053947687149048 -0.17683613300323486 0.17927776277065277 1.2402070760726929 1.8621047735214233 -0.43734607100486755 -2.0150198936462402 0.032824840396642685 -0.55470108985900879 1.360750675201416 -0.67189604043960571 0.39428094029426575 0.59039777517318726 1.232704758644104 -2.0751247406005859 0.36289834976196289 0.60854071378707886 -0.11116847395896912 -0.67844295501708984 -0.5156548023223877 0.95713156461715698 0.01253717765212059 0.89979398250579834 0.60956305265426636 0.093882814049720764 -0.35783892869949341 -0.61552077531814575 -0.7644965648651123 -0.25698500871658325 0.56880384683609009 -0.24804122745990753 1.1192002296447754 -0.40475183725357056 -0.015170056372880936 1.2863003015518188 1.9695606231689453 -0.53076523542404175 -0.85202908515930176 0.51458734273910522 0.76290935277938843 -1.0061671733856201 -1.3823937177658081 1.2533618211746216 1.0853618383407593 -0.64187443256378174 -1.2373605966567993 0.19367168843746185 0.10061803460121155 -1.5143070220947266 -0.02397623285651207 0.44489362835884094 1.5811823606491089 -0.67735213041305542 0.046552348881959915 0.050267510116100311 0.61741828918457031 -0.83887660503387451 1.6692858934402466 1.1434173583984375 0.81972122192382812 0.2913215160369873 0.27851662039756775 0.7480732798576355 -1.1199268102645874 -0.19715677201747894 0.25085747241973877 0.4743063747882843 -0.99415576457977295 0.20165412127971649 -0.058203659951686859 2.1120731830596924 0.29294654726982117 0.89401471614837646 0.01382164005190134 -0.57753825187683105 0.016017725691199303 -0.85103076696395874 -0.44225475192070007 0.38969042897224426 -0.52816277742385864 0.71076673269271851 1.0121020078659058 -1.3617391586303711 -1.4040052890777588 0.79550987482070923 0.97945749759674072 -1.8967037200927734 -1.104613184928894 0.49533683061599731 1.1884121894836426 -0.89374792575836182 2.3789525032043457 1.4292922019958496 -0.30351760983467102 1.4920964241027832 1.1735018491744995 0.36873176693916321 -1.4382905960083008 0.015385564416646957 -0.59017401933670044 -0.99781233072280884 0.085427857935428619 0.65727019309997559 2.2044293880462646 -1.4209913015365601 0.12493006139993668 -0.26004314422607422 -1.7176390886306763 -0.80226534605026245 -1.394155740737915 -1.2691388130187988 1.0168671607971191 -0.67116272449493408 0.044071927666664124 0.15890900790691376 -0.11592566221952438 -0.32750946283340454 0.19733765721321106 0.23280814290046692 -0.45557695627212524 -2.0035691261291504 -0.27625668048858643 1.1434173583984375 0.81972122192382812 0.2913215160369873 0.27851662039756775 0.7480732798576355 -1.1199268102645874 -0.19715677201747894 0.25085747241973877 0.4743063747882843 -0.99415576457977295 0.20165412127971649 -0.058203659951686859 2.1120731830596924 0.29294654726982117 0.89401471614837646 0.01382164005190134 -0.57753825187683105 0.016017725691199303 -0.85103076696395874 -0.44225475192070007 0.38969042897224426 -0.52816277742385864 0.71076673269271851 1.0121020078659058 -1.3617391586303711 -1.4040052890777588 0.79550987482070923 0.97945749759674072 -1.8967037200927734 -1.104613184928894 0.49533683061599731 1.1884121894836426 -0.89374792575836182 2.3789525032043457 1.4292922019958496 -0.30351760983467102 1.4920964241027832 1.1735018491744995 0.36873176693916321 -1.4382905960083008 0.015385564416646957 -0.59017401933670044 -0.99781233072280884 0.085427857935428619 0.65727019309997559 2.2044293880462646 -1.4209913015365601 0.12493006139993668 -0.26004314422607422 -1.7176390886306763 -0.80226534605026245 -1.394155740737915 -1.2691388130187988 1.0168671607971191 -0.67116272449493408 0.044071927666664124 0.15890900790691376 -0.11592566221952438 -0.32750946283340454 0.19733765721321106 0.23280814290046692 -0.45557695627212524 -2.0035691261291504 -0.27625668048858643 -0.34803229570388794 0.7637559175491333 0.91849476099014282 -0.77010262012481689 -0.698100745677948 1.159041166305542 0.88053947687149048 -0.17683613300323486 0.17927776277065277 1.2402070760726929 1.8621047735214233 -0.43734607100486755 -2.0150198936462402 0.032824840396642685 -0.55470108985900879 1.360750675201416 -0.67189604043960571 0.39428094029426575 0.59039777517318726 1.232704758644104 -2.0751247406005859 0.36289834976196289 0.60854071378707886 -0.11116847395896912 -0.67844295501708984 -0.5156548023223877 0.95713156461715698 0.01253717765212059 0.89979398250579834 0.60956305265426636 0.093882814049720764 -0.35783892869949341 -0.61552077531814575 -0.7644965648651123 -0.25698500871658325 0.56880384683609009 -0.24804122745990753 1.1192002296447754 -0.40475183725357056 -0.015170056372880936 1.2863003015518188 1.9695606231689453 -0.53076523542404175 -0.85202908515930176 0.51458734273910522 0.76290935277938843 -1.0061671733856201 -1.3823937177658081 1.2533618211746216 1.0853618383407593 -0.64187443256378174 -1.2373605966567993 0.19367168843746185 0.10061803460121155 -1.5143070220947266 -0.02397623285651207 0.44489362835884094 1.5811823606491089 -0.67735213041305542 0.046552348881959915 0.050267510116100311 0.61741828918457031 -0.83887660503387451 1.6692858934402466 -0.34803229570388794 0.7637559175491333 0.91849476099014282 -0.77010262012481689 -0.698100745677948 1.159041166305542 0.88053947687149048 -0.17683613300323486 0.17927776277065277 1.2402070760726929 1.8621047735214233 -0.43734607100486755 -2.0150198936462402 0.032824840396642685 -0.55470108985900879 1.360750675201416 -0.67189604043960571 0.39428094029426575 0.59039777517318726 1.232704758644104 -2.0751247406005859 0.36289834976196289 0.60854071378707886 -0.11116847395896912 -0.67844295501708984 -0.5156548023223877 0.95713156461715698 0.01253717765212059 0.89979398250579834 0.60956305265426636 0.093882814049720764 -0.35783892869949341 -0.61552077531814575 -0.7644965648651123 -0.25698500871658325 0.56880384683609009 -0.24804122745990753 1.1192002296447754 -0.40475183725357056 -0.015170056372880936 1.2863003015518188 1.9695606231689453 -0.53076523542404175 -0.85202908515930176 0.51458734273910522 0.76290935277938843 -1.0061671733856201 -1.3823937177658081 1.2533618211746216 1.0853618383407593 -0.64187443256378174 -1.2373605966567993 0.19367168843746185 0.10061803460121155 -1.5143070220947266 -0.02397623285651207 0.44489362835884094 1.5811823606491089 -0.67735213041305542 0.046552348881959915 0.050267510116100311 0.61741828918457031 -0.83887660503387451 1.6692858934402466 1.1434173583984375 0.81972122192382812 0.2913215160369873 0.27851662039756775 0.7480732798576355 -1.1199268102645874 -0.19715677201747894 0.25085747241973877 0.4743063747882843 -0.99415576457977295 0.20165412127971649 -0.058203659951686859 2.1120731830596924 0.29294654726982117 0.89401471614837646 0.01382164005190134 -0.57753825187683105 0.016017725691199303 -0.85103076696395874 -0.44225475192070007 0.38969042897224426 -0.52816277742385864 0.71076673269271851 1.0121020078659058 -1.3617391586303711 -1.4040052890777588 0.79550987482070923 0.97945749759674072 -1.8967037200927734 -1.104613184928894 0.49533683061599731 1.1884121894836426 -0.89374792575836182 2.3789525032043457 1.4292922019958496 -0.30351760983467102 1.4920964241027832 1.1735018491744995 0.36873176693916321 -1.4382905960083008 0.015385564416646957 -0.59017401933670044 -0.99781233072280884 0.085427857935428619 0.65727019309997559 2.2044293880462646 -1.4209913015365601 0.12493006139993668 -0.26004314422607422 -1.7176390886306763 -0.80226534605026245 -1.394155740737915 -1.2691388130187988 1.0168671607971191 -0.67116272449493408 0.044071927666664124 0.15890900790691376 -0.11592566221952438 -0.32750946283340454 0.19733765721321106 0.23280814290046692 -0.45557695627212524 -2.0035691261291504 -0.27625668048858643 -0.34803229570388794 0.7637559175491333 0.91849476099014282 -0.77010262012481689 -0.698100745677948 1.159041166305542 0.88053947687149048 -0.17683613300323486 0.17927776277065277 1.2402070760726929 1.8621047735214233 -0.43734607100486755 -2.0150198936462402 0.032824840396642685 -0.55470108985900879 1.360750675201416 -0.67189604043960571 0.39428094029426575 0.59039777517318726 1.232704758644104 -2.0751247406005859 0.36289834976196289 0.60854071378707886 -0.11116847395896912 -0.67844295501708984 -0.5156548023223877 0.95713156461715698 0.01253717765212059 0.89979398250579834 0.60956305265426636 0.093882814049720764 -0.35783892869949341 -0.61552077531814575 -0.7644965648651123 -0.25698500871658325 0.56880384683609009 -0.24804122745990753 1.1192002296447754 -0.40475183725357056 -0.015170056372880936 1.2863003015518188 1.9695606231689453 -0.53076523542404175 -0.85202908515930176 0.51458734273910522 0.76290935277938843 -1.0061671733856201 -1.3823937177658081 1.2533618211746216 1.0853618383407593 -0.64187443256378174 -1.2373605966567993 0.19367168843746185 0.10061803460121155 -1.5143070220947266 -0.02397623285651207 0.44489362835884094 1.5811823606491089 -0.67735213041305542 0.046552348881959915 0.050267510116100311 0.61741828918457031 -0.83887660503387451 1.6692858934402466 -0.38613441586494446 0.35379669070243835 0.80088049173355103 -0.49780067801475525 -1.593576192855835 -1.770850658416748 1.0303193330764771 -0.44244647026062012 -1.5817455053329468 1.0899708271026611 1.7438998222351074 -1.2375925779342651 1.4326577186584473 -0.91780000925064087 0.01359222736209631 -0.99829351902008057 0.8807675838470459 -0.46703541278839111 1.1050108671188354 -0.89934223890304565 1.0828877687454224 -1.9953353404998779 -0.62393462657928467 1.1353193521499634 0.5504266619682312 -1.7231940031051636 2.2111761569976807 -0.8992430567741394 -0.7041587233543396 -0.13889132440090179 0.029658917337656021 -0.0031928669195622206 -0.27907431125640869 0.12615486979484558 1.0633130073547363 -2.3187336921691895 0.86228376626968384 -0.26698094606399536 0.46231913566589355 -0.30705201625823975 -0.85732591152191162 0.34607595205307007 1.0927479267120361 1.2211830615997314 -1.232731819152832 1.6307564973831177 -0.53320550918579102 0.98170971870422363 -0.068914584815502167 0.33564773201942444 -0.65855801105499268 -0.89789366722106934 -0.84697306156158447 -0.51914042234420776 -0.18484032154083252 -0.57203519344329834 1.7045557498931885 -0.33887720108032227 1.793071985244751 -0.083385638892650604 0.20071893930435181 0.0073781791143119335 0.83412706851959229 0.088745459914207458
topk_tokens_sampling_input 128 7733 7775 7081 5357 1797 5876 3830 7866 1433 3018 7239 5558 2487 1926 6534 4743 2429 2025 332 5676 5818 148 6416 2670 3344 295 6261 5228 3453 8144 4624 3741 2947 3754 2012 7837 667 6106 7072 7376 2612 7770 4219 5160 7401 350 5776 121 2649 7575 2508 3344 1001 2255 7778 3843 6136 5309 3417 683 1474 2660 4073 2485 4476 5572 2327 7363 5869 2382 4115 4936 5235 5974 6611 1410 422 339 2470 5521 2002 3634 6261 5323 6907 5019 2186 4058 800 1002 2378 629 4324 4975 6050 6713 3247 7167 2717 6938 429 6630 2563 3583 2779 3432 881 2501 5580 5749 7502 638 5929 461 7747 122 806 5860 1252 7704 6737 4748 1694 3029 1300 974 6210 2619
